"売れ筋ランキング: 履歴","説明 & 機能: 短い説明","返品率","新しい、第三者FBA: 在庫","新品 第三者 FBM: 在庫","単位の詳細: 単位の価値","単位の詳細: 単位の種類","香り","アイテムの形状","パターン","スタイル","素材","アイテムタイプ","対象ユーザー","推奨用途","具体的な用途","製品の利点","付属コンポーネント","成分","有効成分","特別な成分","安全上の警告","電池の必要性","電池が含まれています","ビジネス割引: パーセンテージ","売れ筋ランキング: 前回訪問時からの値下がり","売れ筋ランキング: 前回訪問以来の下落 %","売れ筋ランキング: 最終訪問","Buy Box: 前回訪問時からの値下がり","Buy Box: 前回訪問以来の下落 %","Buy Box: 最終訪問","Buy Box: 標準偏差 30 日","Buy Box: 標準偏差 90 日","Buy Box: 標準偏差 365 日","Buy Box: 変動性 30 日","Buy Box: 変動性 90 日","Buy Box: 変動性 365 日","Amazon: 前回訪問時からの値下がり","Amazon: 前回訪問以来の下落 %","Amazon: 最終訪問","新品: 前回訪問時からの値下がり","新品: 前回訪問以来の下落 %","新品: 最終訪問","新しい、第三者FBA: 前回訪問時からの値下がり","新しい、第三者FBA: 前回訪問以来の下落 %","新しい、第三者FBA: 最終訪問","新品 第三者 FBM: 前回訪問時からの値下がり","新品 第三者 FBM: 前回訪問以来の下落 %","新品 第三者 FBM: 最終訪問","新品、プライム専用: 前回訪問時からの値下がり","新品、プライム専用: 前回訪問以来の下落 %","新品、プライム専用: 最終訪問","Buy Box 中古: 前回訪問時からの値下がり","Buy Box 中古: 前回訪問以来の下落 %","Buy Box 中古: 最終訪問","中古: 前回訪問時からの値下がり","中古: 前回訪問以来の下落 %","中古: 最終訪問","中古品 - ほぼ新品: 前回訪問時からの値下がり","中古品 - ほぼ新品: 前回訪問以来の下落 %","中古品 - ほぼ新品: 最終訪問","中古品 - 非常に良い: 前回訪問時からの値下がり","中古品 - 非常に良い: 前回訪問以来の下落 %","中古品 - 非常に良い: 最終訪問","中古品 - 良い: 前回訪問時からの値下がり","中古品 - 良い: 前回訪問以来の下落 %","中古品 - 良い: 最終訪問","中古品 - 可: 前回訪問時からの値下がり","中古品 - 可: 前回訪問以来の下落 %","中古品 - 可: 最終訪問","倉庫: 前回訪問時からの値下がり","倉庫: 前回訪問以来の下落 %","倉庫: 最終訪問","リファビッシュ: 前回訪問時からの値下がり","リファビッシュ: 前回訪問以来の下落 %","リファビッシュ: 最終訪問","コレクターアイテム: 前回訪問時からの値下がり","コレクターアイテム: 前回訪問以来の下落 %","コレクターアイテム: 最終訪問","参考価格: 前回訪問時からの値下がり","参考価格: 前回訪問以来の下落 %","参考価格: 最終訪問","トレードイン: 前回訪問時からの値下がり","トレードイン: 前回訪問以来の下落 %","トレードイン: 最終訪問","eBay 新品: 前回訪問時からの値下がり","eBay 新品: 前回訪問以来の下落 %","eBay 新品: 最終訪問","eBay 中古品: 前回訪問時からの値下がり","eBay 中古品: 前回訪問以来の下落 %","eBay 中古品: 最終訪問","Imported by Code","ロケール","画像","スウォッチ画像","画像数","商品名","親タイトル","説明 & 機能: 説明","説明 & 機能: 特徴 1","説明 & 機能: 特徴 2","説明 & 機能: 特徴 3","説明 & 機能: 特徴 4","説明 & 機能: 特徴 5","説明 & 機能: 特徴 6","説明 & 機能: 特徴 7","説明 & 機能: 特徴 8","説明 & 機能: 特徴 9","説明 & 機能: 特徴 10","売れ筋ランキング: 現在価格","売れ筋ランキング: 30 日平均","売れ筋ランキング: 90 日平均","売れ筋ランキング: 180 日平均","売れ筋ランキング: 365 日平均","売れ筋ランキング: 1日間の下落 %","売れ筋ランキング: 7日間の下落 %","売れ筋ランキング: 30日間の下落 %","売れ筋ランキング: 90日間の下落 %","売れ筋ランキング: 最低","売れ筋ランキング: 最高","売れ筋ランキング: 過去30日間の減少","売れ筋ランキング: 過去90日間の減少","売れ筋ランキング: 過去180日間の減少","売れ筋ランキング: 過去365日間の減少","売れ筋ランキング: 参照","売れ筋ランキング: 表示グループ","売れ筋ランキング: サブカテゴリ 売れ筋ランキング","先月の購入","90日間の変化 % 毎月の販売数","レビュー: 評価","レビュー: 評価件数","レビュー: 評価件数 - 30 日平均","レビュー: 評価件数 - 90 日平均","レビュー: 評価件数 - 180 日平均","レビュー: 評価件数 - 365 日平均","レビュー: 評価件数 - 1日間の下落 %","レビュー: 評価件数 - 7日間の下落 %","レビュー: 評価件数 - 30日間の下落 %","レビュー: 評価件数 - 90日間の下落 %","レビュー: レビュー数 - フォーマット固有","最新の価格変更","最終更新","最終オファー更新","Buy Box: 現在価格","Buy Box: 送料","Buy Box: 30 日平均","Buy Box: 90 日平均","Buy Box: 180 日平均","Buy Box: 365 日平均","Buy Box: 1日間の下落 %","Buy Box: 7日間の下落 %","Buy Box: 30日間の下落 %","Buy Box: 90日間の下落 %","Buy Box: 最低","Buy Box: 最高","Buy Box: 在庫","Buy Box: 90日間在庫切れ","Buy Box: Buy Boxの在庫状況","Buy Box: 取り消し線付き価格","Buy Box: 取り消し線付き価格の種類","Buy Box: Buy Box セラー","Buy Box: 発送国","Buy Box: % Amazon 30 日","Buy Box: % Amazon 90 日","Buy Box: % Amazon 180 日","Buy Box: % Amazon 365 日","Buy Box: % トップセラー 30 日","Buy Box: % トップセラー 90 日","Buy Box: % トップセラー 180 日","Buy Box: % トップセラー 365 日","Buy Box: 勝者数 30 日","Buy Box: 勝者数 90 日","Buy Box: 勝者数 180 日","Buy Box: 勝者数 365 日","Buy Box: FBAです","Buy Box: 資格なし","競争価格のしきい値","提案された低価格","Buy Box: 予約注文","Buy Box: バックオーダー","Buy Box: プライム専用商品","Buy Box: プライム対象","Buy Box 対象オファー数: 新品 FBA","Buy Box 対象オファー数: 新品 FBM","Buy Box 対象オファー数: 中古 FBA","Buy Box 対象オファー数: 中古 FBM","Buy Box 対象オファー数: コレクターアイテム FBA","Buy Box 対象オファー数: コレクターアイテム FBM","Buy Box 対象オファー数: リファビッシュ FBA","Buy Box 対象オファー数: リファビッシュ FBM","Amazon: 現在価格","Amazon: 30 日平均","Amazon: 90 日平均","Amazon: 180 日平均","Amazon: 365 日平均","Amazon: 1日間の下落 %","Amazon: 7日間の下落 %","Amazon: 30日間の下落 %","Amazon: 90日間の下落 %","Amazon: 最低","Amazon: 最高","Amazon: 在庫","Amazon: 90日間在庫切れ","Amazon: 在庫切れカウント 30 日間","Amazon: 在庫切れカウント 90 日間","Amazon: Amazonオファーの在庫状況","Amazon: Amazonオファーの配送遅延","新品: 現在価格","新品: 30 日平均","新品: 90 日平均","新品: 180 日平均","新品: 365 日平均","新品: 1日間の下落 %","新品: 7日間の下落 %","新品: 30日間の下落 %","新品: 90日間の下落 %","新品: 最低","新品: 最高","新品: 90日間在庫切れ","新しい、第三者FBA: 現在価格","新しい、第三者FBA: 30 日平均","新しい、第三者FBA: 90 日平均","新しい、第三者FBA: 180 日平均","新しい、第三者FBA: 365 日平均","新しい、第三者FBA: 1日間の下落 %","新しい、第三者FBA: 7日間の下落 %","新しい、第三者FBA: 30日間の下落 %","新しい、第三者FBA: 90日間の下落 %","新しい、第三者FBA: 最低","新しい、第三者FBA: 最高","最安の FBA セラー","FBA Pick&Pack 料金","現在のBuy Box価格に基づく紹介料","新品 第三者 FBM: 現在価格","新品 第三者 FBM: 30 日平均","新品 第三者 FBM: 90 日平均","新品 第三者 FBM: 180 日平均","新品 第三者 FBM: 365 日平均","新品 第三者 FBM: 1日間の下落 %","新品 第三者 FBM: 7日間の下落 %","新品 第三者 FBM: 30日間の下落 %","新品 第三者 FBM: 90日間の下落 %","新品 第三者 FBM: 最低","新品 第三者 FBM: 最高","最安の FBM セラー","新品、プライム専用: 現在価格","新品、プライム専用: 30 日平均","新品、プライム専用: 90 日平均","新品、プライム専用: 180 日平均","新品、プライム専用: 365 日平均","新品、プライム専用: 1日間の下落 %","新品、プライム専用: 7日間の下落 %","新品、プライム専用: 30日間の下落 %","新品、プライム専用: 90日間の下落 %","新品、プライム専用: 最低","新品、プライム専用: 最高","タイムセール: 現在価格","Buy Box 中古: 現在価格","Buy Box 中古: 30 日平均","Buy Box 中古: 90 日平均","Buy Box 中古: 180 日平均","Buy Box 中古: 365 日平均","Buy Box 中古: 1日間の下落 %","Buy Box 中古: 7日間の下落 %","Buy Box 中古: 30日間の下落 %","Buy Box 中古: 90日間の下落 %","Buy Box 中古: 最低","Buy Box 中古: 最高","Buy Box 中古: Buy Box 中古 販売者","Buy Box 中古: FBAです","Buy Box 中古: 条件","中古: 現在価格","中古: 30 日平均","中古: 90 日平均","中古: 180 日平均","中古: 365 日平均","中古: 1日間の下落 %","中古: 7日間の下落 %","中古: 30日間の下落 %","中古: 90日間の下落 %","中古: 最低","中古: 最高","中古: 90日間在庫切れ","中古品 - ほぼ新品: 現在価格","中古品 - ほぼ新品: 30 日平均","中古品 - ほぼ新品: 90 日平均","中古品 - ほぼ新品: 180 日平均","中古品 - ほぼ新品: 365 日平均","中古品 - ほぼ新品: 1日間の下落 %","中古品 - ほぼ新品: 7日間の下落 %","中古品 - ほぼ新品: 30日間の下落 %","中古品 - ほぼ新品: 90日間の下落 %","中古品 - ほぼ新品: 最低","中古品 - ほぼ新品: 最高","中古品 - 非常に良い: 現在価格","中古品 - 非常に良い: 30 日平均","中古品 - 非常に良い: 90 日平均","中古品 - 非常に良い: 180 日平均","中古品 - 非常に良い: 365 日平均","中古品 - 非常に良い: 1日間の下落 %","中古品 - 非常に良い: 7日間の下落 %","中古品 - 非常に良い: 30日間の下落 %","中古品 - 非常に良い: 90日間の下落 %","中古品 - 非常に良い: 最低","中古品 - 非常に良い: 最高","中古品 - 良い: 現在価格","中古品 - 良い: 30 日平均","中古品 - 良い: 90 日平均","中古品 - 良い: 180 日平均","中古品 - 良い: 365 日平均","中古品 - 良い: 1日間の下落 %","中古品 - 良い: 7日間の下落 %","中古品 - 良い: 30日間の下落 %","中古品 - 良い: 90日間の下落 %","中古品 - 良い: 最低","中古品 - 良い: 最高","中古品 - 可: 現在価格","中古品 - 可: 30 日平均","中古品 - 可: 90 日平均","中古品 - 可: 180 日平均","中古品 - 可: 365 日平均","中古品 - 可: 1日間の下落 %","中古品 - 可: 7日間の下落 %","中古品 - 可: 30日間の下落 %","中古品 - 可: 90日間の下落 %","中古品 - 可: 最低","中古品 - 可: 最高","倉庫: 現在価格","倉庫: 30 日平均","倉庫: 90 日平均","倉庫: 180 日平均","倉庫: 365 日平均","倉庫: 1日間の下落 %","倉庫: 7日間の下落 %","倉庫: 30日間の下落 %","倉庫: 90日間の下落 %","倉庫: 最低","倉庫: 最高","リファビッシュ: 現在価格","リファビッシュ: 30 日平均","リファビッシュ: 90 日平均","リファビッシュ: 180 日平均","リファビッシュ: 365 日平均","リファビッシュ: 1日間の下落 %","リファビッシュ: 7日間の下落 %","リファビッシュ: 30日間の下落 %","リファビッシュ: 90日間の下落 %","リファビッシュ: 最低","リファビッシュ: 最高","コレクターアイテム: 現在価格","コレクターアイテム: 30 日平均","コレクターアイテム: 90 日平均","コレクターアイテム: 180 日平均","コレクターアイテム: 365 日平均","コレクターアイテム: 1日間の下落 %","コレクターアイテム: 7日間の下落 %","コレクターアイテム: 30日間の下落 %","コレクターアイテム: 90日間の下落 %","コレクターアイテム: 最低","コレクターアイテム: 最高","参考価格: 現在価格","参考価格: 30 日平均","参考価格: 90 日平均","参考価格: 180 日平均","参考価格: 365 日平均","参考価格: 1日間の下落 %","参考価格: 7日間の下落 %","参考価格: 30日間の下落 %","参考価格: 90日間の下落 %","参考価格: 最低","参考価格: 最低です","参考価格: 90日間で最低です","参考価格: 最高","トレードイン: 現在価格","トレードイン: 30 日平均","トレードイン: 90 日平均","トレードイン: 180 日平均","トレードイン: 365 日平均","トレードイン: 1日間の下落 %","トレードイン: 7日間の下落 %","トレードイン: 30日間の下落 %","トレードイン: 90日間の下落 %","トレードイン: 最低","トレードイン: 最高","eBay 新品: 現在価格","eBay 新品: 30 日平均","eBay 新品: 90 日平均","eBay 新品: 180 日平均","eBay 新品: 365 日平均","eBay 新品: 1日間の下落 %","eBay 新品: 7日間の下落 %","eBay 新品: 30日間の下落 %","eBay 新品: 90日間の下落 %","eBay 新品: 最低","eBay 新品: 最高","eBay 中古品: 現在価格","eBay 中古品: 30 日平均","eBay 中古品: 90 日平均","eBay 中古品: 180 日平均","eBay 中古品: 365 日平均","eBay 中古品: 1日間の下落 %","eBay 中古品: 7日間の下落 %","eBay 中古品: 30日間の下落 %","eBay 中古品: 90日間の下落 %","eBay 中古品: 最低","eBay 中古品: 最高","合計オファー数","新品アイテム数: 現在価格","新品アイテム数: 30 日平均","新品アイテム数: 90 日平均","新品アイテム数: 180 日平均","新品アイテム数: 365 日平均","新品アイテム数: 1日間の下落 %","新品アイテム数: 7日間の下落 %","新品アイテム数: 30日間の下落 %","新品アイテム数: 90日間の下落 %","中古アイテム数: 現在価格","中古アイテム数: 30 日平均","中古アイテム数: 90 日平均","中古アイテム数: 180 日平均","中古アイテム数: 365 日平均","中古アイテム数: 1日間の下落 %","中古アイテム数: 7日間の下落 %","中古アイテム数: 30日間の下落 %","中古アイテム数: 90日間の下落 %","リファビッシュアイテム数: 現在価格","リファビッシュアイテム数: 30 日平均","リファビッシュアイテム数: 90 日平均","リファビッシュアイテム数: 180 日平均","リファビッシュアイテム数: 365 日平均","リファビッシュアイテム数: 1日間の下落 %","リファビッシュアイテム数: 7日間の下落 %","リファビッシュアイテム数: 30日間の下落 %","リファビッシュアイテム数: 90日間の下落 %","コレクターアイテム数: 現在価格","コレクターアイテム数: 30 日平均","コレクターアイテム数: 90 日平均","コレクターアイテム数: 180 日平均","コレクターアイテム数: 365 日平均","コレクターアイテム数: 1日間の下落 %","コレクターアイテム数: 7日間の下落 %","コレクターアイテム数: 30日間の下落 %","コレクターアイテム数: 90日間の下落 %","トラッキング開始日","リストされてから","URL: Amazon","URL: Keepa","カテゴリ: ルート","カテゴリ: サブ","カテゴリ: ツリー","ウェブサイト表示グループ: 名前","ウェブサイト表示グループ: 識別子","ASIN","商品コード: EAN","商品コード: GTIN","商品コード: UPC","商品コード: PartNumber","親会社ASIN","バリエーション数","よく一緒に購入されるもの","タイプ","製造者","ブランド","ブランドストア名","ブランドストアURL名","ブランドストアURL","モデル","バリエーション属性","色","サイズ","エディション","フォーマット","執筆者","投稿者","じょうてい","アイテム数","ページ数","出版日","発売日","言語","ビデオ: 動画数","ビデオ: メイン動画あり","ビデオ: 主なビデオ","ビデオ: 追加ビデオ","A+コンテンツ: A+コンテンツあり","A+コンテンツ: メーカー提供のA+","A+コンテンツ: A+コンテンツ","パッケージ: サイズ (cm³)","パッケージ: 長さ (cm)","パッケージ: 幅 (cm)","パッケージ: 高さ (cm)","パッケージ: 重さ (g)","パッケージ: 数量","商品: サイズ (cm³)","商品: 長さ (cm)","商品: 幅 (cm)","商品: 高さ (cm)","商品: 重さ (g)","危険物","HazMat である","熱に敏感","成人向け商品","Merch on Demandです","Trade-In 対象","セール情報: セールタイプ","セール情報: バッジ","Buy Box: 定期おトク便","ワンタイムクーポン: アブソルート","ワンタイムクーポン: パーセンテージ","ワンタイムクーポン: 定期おトク便 %","Amazon: 最低です","Amazon: 90日間で最低です","新品: 最低です","新品: 90日間で最低です","中古: 最低です","中古: 90日間で最低です","売れ筋ランキング: 最低です","売れ筋ランキング: 90日間で最低です","コレクターアイテム: 最低です","コレクターアイテム: 90日間で最低です","リファビッシュ: 最低です","リファビッシュ: 90日間で最低です","トレードイン: 最低です","トレードイン: 90日間で最低です","新しい、第三者FBA: 最低です","新しい、第三者FBA: 90日間で最低です","新品 第三者 FBM: 最低です","新品 第三者 FBM: 90日間で最低です","タイムセール: 最低です","タイムセール: 90日間で最低です","倉庫: 最低です","倉庫: 90日間で最低です","Buy Box: 最低です","Buy Box: 90日間で最低です","中古品 - ほぼ新品: 最低です","中古品 - ほぼ新品: 90日間で最低です","中古品 - 非常に良い: 最低です","中古品 - 非常に良い: 90日間で最低です","中古品 - 良い: 最低です","中古品 - 良い: 90日間で最低です","中古品 - 可: 最低です","中古品 - 可: 90日間で最低です","eBay 新品: 最低です","eBay 新品: 90日間で最低です","eBay 中古品: 最低です","eBay 中古品: 90日間で最低です","Buy Box 中古: 最低です","Buy Box 中古: 90日間で最低です","新品、プライム専用: 最低です","新品、プライム専用: 90日間で最低です","紹介料％"
"","","","","","2","個","","パウダー","","","","","","リフココオリジナル","","","","ビートグラニュー糖（てん菜（北海道産））、澱粉、生姜、加工黒糖、本葛粉、黒酢、寒梅粉、蜂蜜","","","","no","no","","35,911","65 %","55554","","","","123","135","416","8","7","19","","","","","","","","","","","","","","","","","","","","","","","","","","","","","","","","","","","","","","","","","","","","","","","","","","","","","","","","co.jp","https://m.media-amazon.com/images/I/51ojqlTnfiL.jpg;https://m.media-amazon.com/images/I/515wKz6eUHL.jpg;https://m.media-amazon.com/images/I/512LEgFbEeL.jpg;https://m.media-amazon.com/images/I/51-+k4a5NgL.jpg;https://m.media-amazon.com/images/I/518czqIqPCL.jpg;https://m.media-amazon.com/images/I/41Qjgua6oHL.jpg;https://m.media-amazon.com/images/I/51sDMR-czsL.jpg;https://m.media-amazon.com/images/I/411Wd9Rfw4L.jpg","","8","イトク食品 国産 蒸し生姜湯 1袋（16g×48P入り）×2袋セット 大容量サイズ 生姜丸ごと荒おろし オリジナルおしぼり付き","イトク食品 国産 蒸し生姜湯 1袋（16g×48P入り）大容量サイズ 生姜丸ごと荒おろし","商品の説明

●味も効能も違う「生」と「蒸し」の生姜を組み合わせ、生姜の存在感を出した生姜湯です。

●生姜を丸ごと粗おろしにした「生ショウガ」と、蒸して長時間かけて低温乾燥した「蒸し生姜」の2種類を使用しています。

●直火でじっくり焼き上げ乾燥して生姜本来の豊かな風味とコクを引き出しました。

●高知県産生姜を使用。その他原料もすべて国産です。

●国産生姜4577mg(生換算・1袋(16g)あたり)配合。

【原材料】
ビートグラニュー糖（てん菜（北海道産））、澱粉、生姜、加工黒糖、本葛粉、黒酢、寒梅粉、蜂蜜

【保存方法】
直射日光を避けて、常温で保存して下さい。

【原産国】
日本


原材料・成分

ビートグラニュー糖（てん菜（北海道産））、澱粉、生姜、加工黒糖、本葛粉、黒酢、寒梅粉、蜂蜜","✅【商品詳細】●味も効能も違う「生」と「蒸し」の生姜を組み合わせ、生姜の存在感を出した生姜湯です。 ●生姜を丸ごと粗おろしにした「生ショウガ」と、蒸して長時間かけて低温乾燥した「蒸し生姜」の2種類を使用しています。●直火でじっくり焼き上げ乾燥して生姜本来の豊かな風味とコクを引き出しました。 ●高知県産生姜を使用。その他原料もすべて国産です。●国産生姜4577mg(生換算・1袋(16g)あたり)配合。","【内容量】1袋（16g×48P入り）×2袋セット オリジナルおしぼり付き","【原材料】ビートグラニュー糖（てん菜（北海道産））、澱粉、生姜、加工黒糖、本葛粉、黒酢、寒梅粉、蜂蜜","【原産国】日本","✅【保存方法/賞味期限につきまして】 直射日光、高温多湿を避けて保管してください。開封後は賞味期限に関わらずに冷暗所で保存し、お早めにお召し上がりください。 お手元に届く際の賞味期限は日々変動するために最大の賞味期限から短いもの（40日以上残っているもの）が到着します。 現時点での賞味期限の確認が必要な際は、ご注文前に必ずお問い合わせくださいませ。","✅【ご使用上の注意】 ※輸送時の破損や商品の状態には万全を期しておりますが、到着した商品にお気付きの点は購入店舗までまずはご連絡ください。 ※「リフココ」はライフアベイル株式会社の商標です。","","","","","19643","19985","58116","74933","167100","-1 %","21 %","2 %","66 %","9332","319953","11","21","52","57","食品・飲料・お酒","grocery_display_on_website","# 161 | Top 6% | シロップ","10","33 %","4.2","9","8","7","6","6","0 %","-12 %","-12 %","-29 %","4","2026/02/17 06:44","2026/02/23 19:32","2026/02/22 01:44","5,998","","5,933","5,913","6,229","6,343","0 %","0 %","-1 %","-1 %","5,698","6,980","","50 %","在庫あり。","-","","【公式】リフココ ～食と暮らしを楽しく～（インボイス制度対応店） (99%) / A18COIYGTMT3AC","","0 %","0 %","0 %","0 %","100 %","50 %","62 %","67 %","1","1","1","1","yes","no","-","","no","no","no","yes","1","0","0","0","0","0","0","0","","","","","","","","","","","","","100 %","1","1","Amazonオファーが存在しない","","5,998","5,933","5,913","6,253","6,354","0 %","0 %","-1 %","-1 %","5,698","6,980","50 %","5,998","5,998","5,918","6,273","6,283","0 %","0 %","0 %","-1 %","5,698","6,698","【公式】リフココ ～食と暮らしを楽しく～（インボイス制度対応店） (99%) / A18COIYGTMT3AC","514","600","","","","6,780","6,780","","","","","6,599","6,780","-","","","","","","","","","","","","","","","","","","","","","","","","","no","","","","","","","","","","","","","100 %","","","","","","","","","","","","","","","","","","","","","","","","","","","","","","","","","","","","","","","","","","","","","","","","","","","","","","","","","","","","","","","","","","","","","","","","","","","","","","","","","","","","","","","","no","no","","","","","","","","","","","","","","","","","","","","","","","","","","","","","","","","","","","1","1","1","1","1","1","0 %","0 %","0 %","0 %","","","","","","","","","","","","","","","","","","","","","","","","","","","","2022/10/31","2022/10/30","https://www.amazon.co.jp/dp/B0BKZM645S?psc=1","https://keepa.com/#!product/5-B0BKZM645S","食品・飲料・お酒","シロップ, ドリンク, コーヒー・紅茶・お茶・粉末ドリンク, 定期おトク便　OLS Browse Test, あわせ買い, 食品, 食品・飲料・お酒のみ, はちみつのみ, ドリンク, 食品ストア, 加工食品, 飲料・酒, 飲料, 飲料","食品・飲料・お酒 › コーヒー・紅茶・お茶・粉末ドリンク › 飲料シロップ・濃縮液 › シロップ","Grocery","grocery_display_on_website","B0BKZM645S","4573115289258","","","4573115289258","B0FQTHF9Q9","3","","FOOD","リフココ","リフココ","リフココ","リフココ【食と暮らしを楽しく】","https://www.amazon.co.jp/stores/リフココ【食と暮らしを楽しく】/page/97EEEE64-AB23-45E1-A6BF-5907BD028C14","","Size: 2袋セット;","","2袋セット","","","","","","2","","","","","0","no","","","no","no","","11133","35.8","25.7","12.1","2150","2","8000","20","20","20","16","","no","no","no","no","no","","","yes","-","","","no","no","no","no","no","no","no","no","no","no","no","no","no","no","no","no","no","no","no","no","no","no","no","no","no","no","no","no","no","no","no","no","no","no","no","no","no","no","no","no","10 %"
"","","","","","64","グラム","","粉末","","","","","","","","","","[蒸し生姜湯]ビートグラニュー糖(てん菜(北海道産))、澱粉、生姜、加工黒糖、本葛粉、黒酢、寒梅粉、蜂蜜　","","生姜","","no","no","","-41,281","-49 %","84635","¥ 0","0 %","1,200","-","-","-","8","8","5","","","","¥ 0","0 %","1,200","","","","","","","","","","","","","","","","","","","","","","","","","","","","","","","","","","","","","","","","","","","","","","","","","","co.jp","https://m.media-amazon.com/images/I/51K9Qy+CbqL.jpg;https://m.media-amazon.com/images/I/514CuJufqiL.jpg;https://m.media-amazon.com/images/I/41+CJyseVCL.jpg;https://m.media-amazon.com/images/I/41uapBSkiUL.jpg;https://m.media-amazon.com/images/I/41pLyljoKSL.jpg;https://m.media-amazon.com/images/I/41c3WsB1xoL.jpg;https://m.media-amazon.com/images/I/41q3yRO4+fL.jpg;https://m.media-amazon.com/images/I/41woG9jQeAL.jpg","","8","蒸し生姜湯 六漢生姜湯 16g×4P アソートセット 無添加 国産原料 生姜湯 ジンジャーティー ショウガオール 粉末イトク食品 (2袋(各1袋) [メール便])","蒸し生姜湯 六漢生姜湯 16g×4P アソートセット 無添加 国産原料 生姜湯 ジンジャーティー ショウガオール 粉末イトク食品","商品の説明

[蒸し生姜湯]
原料はすべて国産。添加物(甘味料)は使っていません。
生ショウガをすりおろした実汁と、自社製造の蒸し生姜を使用。生姜特有の鮮烈な香りを殺さぬよう、雑味を取り去り、生姜の繊細な風味だけを残しました。
温風乾燥が主流の中、直火乾燥にこだわることで風味コクが増した仕上がりとなっています。

[六漢生姜湯]
国産生姜使用、ほのかなシナモン香る生姜湯です。
6つの和漢食材(生姜、ナツメ、桂皮、甘草、本葛、カリン)を配合しました。
ショウガオールたっぷりの蒸し生姜や、大根、桂皮(シナモン)はベトナム桂皮を使用。
フレンチトーストや、紅茶の砂糖の代わりに使えば、想像以上に美味しく頂けます。

原材料・成分

[蒸し生姜湯]ビートグラニュー糖(てん菜(北海道産))、澱粉、生姜、加工黒糖、本葛粉、黒酢、寒梅粉、蜂蜜　

[六漢生姜湯]ビートグラニュー糖(てん菜(北海道産))、澱粉、有機大根、生姜、ナツメ粉末、食塩、桂皮粉末、甘草粉末、本葛粉、カリン粉末

使用方法

粉末をお湯に溶かして飲用してください。","蒸し生姜の粉末を使用したコクのある生姜湯。粉末タイプなのでオフィス、キャンプなどでもお湯があれば手軽に楽しめます。","名称：粉末清涼飲料","原材料名：[蒸し生姜湯]ビートグラニュー糖(てん菜(北海道産))、澱粉、生姜、加工黒糖、本葛粉、黒酢、寒梅粉、蜂蜜　[六漢生姜湯]ビートグラニュー糖(てん菜(北海道産))、澱粉、有機大根、生姜、ナツメ粉末、食塩、桂皮粉末、甘草粉末、本葛粉、カリン粉末","内容量：64g(16g×4P)","賞味期限：製造日より24ヶ月","保存方法：直射日光・高温多湿を避けて保存してください。","製造者：イトク食品株式会社","","","","125916","93972","109251","111771","111771","-30 %","-5 %","-34 %","-15 %","42509","198318","8","22","26","26","食品・飲料・お酒","grocery_display_on_website","# 11,161 | Top 5% | コーヒー・紅茶・お茶・粉末ドリンク","10","","4.2","3","2","2","2","2","","","","","1","2026/02/04 11:16","2026/02/23 19:32","2026/02/18 19:44","1,200","","1,200","1,200","1,200","1,200","0 %","0 %","0 %","0 %","1,200","1,200","","2 %","通常4～5日以内に発送します。","-","","ユアーハイマート株式会社 (89%) / A3K4C97A1NCTLY","JP","0 %","0 %","0 %","0 %","96 %","99 %","99 %","99 %","1","1","1","1","no","no","-","","no","yes","no","no","0","1","0","0","0","0","0","0","","","","","","","","","","","","","100 %","1","1","Amazonオファーが存在しない","","1,200","1,200","1,200","1,200","1,200","0 %","0 %","0 %","0 %","1,200","1,200","0 %","","","","","","","","","","","","-","-","-","","1,200","1,200","1,200","1,200","","","","","1,200","1,200","-","","","","","","","","","","","","","","","","","","","","","","","","","no","","","","","","","","","","","","","100 %","","","","","","","","","","","","","","","","","","","","","","","","","","","","","","","","","","","","","","","","","","","","","","","","","","","","","","","","","","","","","","","","","","","","","","","","","","","","","","","","","","","","","","","","no","no","","","","","","","","","","","","","","","","","","","","","","","","","","","","","","","","","","","1","1","1","1","1","1","0 %","0 %","0 %","0 %","","","","","","","","","","","","","","","","","","","","","","","","","","","","2025/10/09","2025/09/30","https://www.amazon.co.jp/dp/B0FT7HTR8F?psc=1","https://keepa.com/#!product/5-B0FT7HTR8F","食品・飲料・お酒","コーヒー・紅茶・お茶・粉末ドリンク, ドリンク, コーヒー・紅茶・お茶・粉末ドリンク, 定期おトク便　OLS Browse Test, あわせ買い, 食品, 食品・飲料・お酒のみ, はちみつのみ, ドリンク, 食品ストア, 加工食品, 飲料・酒, 飲料, 飲料","食品・飲料・お酒 › コーヒー・紅茶・お茶・粉末ドリンク","Grocery","grocery_display_on_website","B0FT7HTR8F","","","","402197_set","B0GD6D1SNP","4","","TEA","イトク食品","ユアーハイマート","ユアーハイマート","あなたのふるさとユアーハイマート","https://www.amazon.co.jp/stores/あなたのふるさとユアーハイマート/page/0EE976A9-BCA1-42CF-9AF7-2E8BC240FD11","","Size: 2袋(各1袋) [メール便];","","2袋(各1袋) [メール便]","","","","","","","","","","","0","no","","","no","no","","","","","","","","","","","","64","","no","no","no","no","no","","","no","-","","","no","no","yes","yes","no","no","no","no","no","no","no","no","no","no","no","no","yes","yes","no","no","no","no","no","yes","no","no","no","no","no","no","no","no","no","no","no","no","no","no","no","no",""
"","","","","","1","袋","","粉末","","","","","","","","","","ビートグラニュー糖(てん菜(北海道産))、澱粉、生姜、加工黒糖、本葛粉、黒酢、寒梅粉、蜂蜜","","","","no","no","","39,312","52 %","75743","¥ 0","0 %","2,199","-","1","1","8","8","6","","","","¥ 0","0 %","2,199","","","","","","","","","","","","","","","","","","","","","","","","","","","","","","","","","","","","","","","","","","","","","","","","","","co.jp","https://m.media-amazon.com/images/I/51hl+TgryaL.jpg;https://m.media-amazon.com/images/I/51YnoyXMPcL.jpg;https://m.media-amazon.com/images/I/41+CJyseVCL.jpg;https://m.media-amazon.com/images/I/41uapBSkiUL.jpg;https://m.media-amazon.com/images/I/41m5Pz6JMOL.jpg;https://m.media-amazon.com/images/I/41woG9jQeAL.jpg;https://m.media-amazon.com/images/I/41q3yRO4+fL.jpg","","7","蒸し生姜湯 16g×4P イトク食品 国産原料 無添加 粉末 生姜 ショウガ 蒸し生姜 生姜湯 ジンジャーティー ショウガオール 生ショウガ 手軽 健康 温活 (5袋)","蒸し生姜湯 16g×4P イトク食品 国産原料 無添加 生姜 ショウガ ジンジャーティー 蒸し生姜 ショウガオール 粉末 手軽 健康 温活","商品の説明

原料はすべて国産。添加物(甘味料)は使っていません。
生ショウガをすりおろした実汁と、自社製造の蒸し生姜を使用。生姜特有の鮮烈な香りを保ち、雑味を取り去り、生姜の繊細な風味だけを残しました。
温風乾燥が主流の中、直火乾燥にこだわることで風味コクが増した仕上がりとなっています。

原材料・成分

ビートグラニュー糖(てん菜(北海道産))、澱粉、生姜、加工黒糖、本葛粉、黒酢、寒梅粉、蜂蜜","名称：粉末清涼飲料","原材料名：ビートグラニュー糖(てん菜(北海道産))、澱粉、生姜、加工黒糖、本葛粉、黒酢、寒梅粉、蜂蜜","賞味期限：製造日より24ヶ月","内容量：64g(16g×4P)","","","","","","","36431","64645","63916","189816","189505","34 %","44 %","44 %","43 %","31980","564989","11","33","42","42","食品・飲料・お酒","grocery_display_on_website","# 2,194 | Top 5% | お茶","10","-11 %","4.5","2","2","1","1","1","","","","","1","2026/02/10 18:08","2026/02/23 20:16","2026/01/24 10:12","2,199","","2,199","2,199","2,199","2,199","0 %","0 %","0 %","0 %","2,195","2,200","","15 %","残り14点 ご注文はお早めに","-","","ビューティジャパン (99%) / A102SZWFAO5Q69","JP","0 %","0 %","0 %","0 %","53 %","48 %","43 %","47 %","2","3","3","3","no","no","-","","no","no","no","no","0","4","0","0","0","0","0","0","","","","","","","","","","","","","100 %","1","1","Amazonオファーが存在しない","","2,199","2,199","2,199","2,199","2,199","0 %","0 %","0 %","0 %","2,195","2,200","0 %","","","","2,199","2,199","","","","","2,199","2,199","-","318","220","","2,199","2,199","2,199","2,199","","","","","2,199","2,200","-","","","","","","","","","","","","","","","","","","","","","","","","","no","","","","","","","","","","","","","100 %","","","","","","","","","","","","","","","","","","","","","","","","","","","","","","","","","","","","","","","","","","","","","","","","","","","","","","","","","","","","","","","","","","","","","","","","","","","","","","","","","","","","","","","","no","no","","","","","","","","","","","","","","","","","","","","","","","","","","","","","","","","","","","4","4","4","3","3","2","0 %","0 %","0 %","-33 %","","","","","","","","","","","","","","","","","","","","","","","","","","","","2025/08/13","2025/08/05","https://www.amazon.co.jp/dp/B0FL77VXG3?psc=1","https://keepa.com/#!product/5-B0FL77VXG3","食品・飲料・お酒","茶葉・粉末ティー, ドリンク, コーヒー・紅茶・お茶・粉末ドリンク, 定期おトク便　OLS Browse Test, あわせ買い, 食品, 食品・飲料・お酒のみ, はちみつのみ, ドリンク, 食品ストア, 加工食品, 飲料・酒, 飲料, 飲料","食品・飲料・お酒 › コーヒー・紅茶・お茶・粉末ドリンク › 茶葉・粉末ティー","Grocery","grocery_display_on_website","B0FL77VXG3","","","","402190_set","B0FL6XCMXH","4","","FOOD","イトク食品","ユアーハイマート","ユアーハイマート","あなたのふるさとユアーハイマート","https://www.amazon.co.jp/stores/あなたのふるさとユアーハイマート/page/0EE976A9-BCA1-42CF-9AF7-2E8BC240FD11","","Size: 5袋;","","5袋","","","","","","","","","","","0","no","","","no","no","","1767","31","22.8","2.5","450","","","","","","64","","no","no","no","no","no","","","no","-","","","no","no","no","no","no","no","no","no","no","no","no","no","no","no","no","no","yes","yes","no","no","no","no","no","no","no","no","no","no","no","no","no","no","no","no","no","no","no","no","no","no","10 %"
"","","","","","1","個","","粉末","","","","","","温かい飲み物として日常的に","","蒸し生姜使用のやさしい味わい 　生姜を蒸す製法により、辛味が穏やかで飲みやすい仕上がりです。, 国産原料・無添加仕上げ 　素材にこだわり、香料・着色料を使用していません。, 粉末タイプで手軽 　お湯に溶かすだけで簡単に生姜湯を楽しめます。, 個包装で使いやすい 　1包16gの使い切り仕様で、計量不要・保存にも便利です。, 日常使いしやすい容量 　20包入りで、毎日の習慣やご家庭の常備飲料に適しています。, 免疫サポート","","ビートグラニュー糖（てん菜（北海道産））、澱粉、生姜、加工黒糖、寒梅粉、本葛粉、蜂蜜","","高知県産生姜","原材料をご確認のうえ、食物アレルギーをお持ちの方はご注意ください。 体質や体調により、まれに合わない場合があります。異常を感じた場合は飲用を中止してください。 妊娠中・授乳中の方、治療中の方は、医師に相談のうえお召し上がりください。 開封後は吸湿を防ぐため密封し、早めにお召し上がりください。 直射日光・高温多湿を避けて保存してください。 本品は食品であり、医薬品ではありません。","no","no","","246,755","65 %","381742","¥ 0","0 %","4,420","-","-","312","8","8","8","","","","¥ 0","0 %","4,420","","","","","","","","","","","","","","","","","","","","","","","","","","","","","","","","","","","","","","","","","","","","","","","","","","co.jp","https://m.media-amazon.com/images/I/411zqMrq8tL.jpg;https://m.media-amazon.com/images/I/71Xtkydl7VL.jpg;https://m.media-amazon.com/images/I/61NDSNii-dL.jpg;https://m.media-amazon.com/images/I/51CkW+1DcbL.jpg;https://m.media-amazon.com/images/I/51vT+gMPkvL.jpg;https://m.media-amazon.com/images/I/51QuX841LeL.jpg;https://m.media-amazon.com/images/I/61T4f-T-mFL.jpg","","7","純辛生姜湯 14g×4p 無添加 国産原料100% 高知県産生姜使用 蒸し生姜 温活 イトク食品 (14g×4p×10袋)","純辛生姜湯 (14g×4p) 無添加 国産原料100% 高知県産生姜使用 蒸し生姜 温活 イトク食品","商品の説明

ピリッとした辛味が特徴の、生姜の風味をしっかり味わえる生姜湯です。 生姜の個性を楽しみたい方に向けた、味わい重視の一杯に仕上げました。 原材料には高知県産生姜を使用し、すべて国産原料にこだわっています。 直火乾燥した蒸し生姜を用いることで、豊かな香りとコクのある風味を引き出しました。 辛味とのバランスを考えた、すっきりとした甘さと、さらりとした口当たりが特長です。 3種の加工法による生姜の風味 ・粗く砕いた蒸し生姜を使用し、つぶつぶとした食感と奥行きのある辛味 ・生姜を丸ごとすりおろした生しぼりによる、さわやかな辛味 ・蒸し生姜粉末を加え、後味まで続く生姜の風味 生姜本来の味わいを楽しめる、生姜好きの方におすすめの生姜湯です。

原材料・成分

ビートグラニュー糖（てん菜（北海道産））、澱粉、生姜、加工黒糖、寒梅粉、本葛粉、蜂蜜

使用方法

1袋（14g）を200mlのお湯に混ぜて、2-3分おきます。

安全警告

原材料をご確認のうえ、食物アレルギーをお持ちの方はご注意ください。 体質や体調により、まれに合わない場合があります。異常を感じた場合は飲用を中止してください。 妊娠中・授乳中の方、治療中の方は、医師に相談のうえお召し上がりください。 開封後は吸湿を防ぐため密封し、早めにお召し上がりください。 直射日光・高温多湿を避けて保存してください。 本品は食品であり、医薬品ではありません。","ピリッと辛い！結構辛い！ずっと辛い！ショウガ好きのための生姜湯！！","原材料には高知県産生姜を使用、すべて国産原料にこだわっています。","辛さとのバランスが良いスッキリとした甘さ、さらりとした口当たりの生姜湯です。","名称：粉末清涼飲料","原材料名：ビートグラニュー糖（てん菜（北海道産））、澱粉、生姜、加工黒糖、寒梅粉、本葛粉、蜂蜜","内容量：56g(14g×4袋)／袋","賞味期限：製造日より24ヵ月","保存方法：直射日光・高温多湿を避け保存してください。","製造者：イトク食品株式会社　広島県尾道市木之庄町木門田491","アレルゲン（特定原材料等）：該当なし","134987","114846","182035","336856","371998","6 %","7 %","-18 %","26 %","48723","519506","5","12","13","14","食品・飲料・お酒","grocery_display_on_website","# 178 | Top 9% | しょうが調味料","","","2.9","3","2","1","1","1","","","","","-","2026/02/04 17:56","2026/02/23 19:32","2026/02/18 07:40","4,420","","4,420","4,420","4,420","4,147","0 %","0 %","0 %","0 %","3,790","4,420","","2 %","通常4～5日以内に発送します。","-","","ユアーハイマート株式会社 (89%) / A3K4C97A1NCTLY","JP","0 %","0 %","0 %","0 %","96 %","99 %","99 %","100 %","1","1","1","1","no","no","-","","no","yes","no","no","0","1","0","0","0","0","0","0","","","","","","","","","","","","","100 %","1","1","Amazonオファーが存在しない","","4,420","4,420","4,420","4,420","4,148","0 %","0 %","0 %","0 %","3,790","4,420","0 %","","","","","","","","","","","","-","-","-","","4,420","4,420","4,420","4,339","","","","","3,790","6,620","-","","","","","","","","","","","","","","","","","","","","","","","","","no","","","","","","","","","","","","","100 %","","","","","","","","","","","","","","","","","","","","","","","","","","","","","","","","","","","","","","","","","","","","","","","","","","","","","","","","","","","","","","","","","","","","","","","","","","","","","","","","","","","","","","","","no","no","","","","","","","","","","","","","","","","","","","","","","","","","","","","","","","","","","","1","1","1","1","1","1","0 %","0 %","0 %","0 %","","","","","","","","","","","","","","","","","","","","","","","","","","","","2025/01/18","2022/10/19","https://www.amazon.co.jp/dp/B0DSH4BC1G?psc=1","https://keepa.com/#!product/5-B0DSH4BC1G","食品・飲料・お酒","しょうが調味料, 調味料・食用油・ドレッシング, 定期おトク便　OLS Browse Test, あわせ買い, 食品, 食品・飲料・お酒のみ, はちみつのみ, 食品ストア, たれ・料理ソース, 調味料, 洋風調味料, 加工食品, 加工食品, 調味料, 加工食品・冷凍食品, 調味料, 調味料","食品・飲料・お酒 › 調味料・食用油・ドレッシング › 香辛料・スパイス › しょうが調味料","Grocery","grocery_display_on_website","B0DSH4BC1G","","","","402174","B0DSH3X59B","2","","TEA","イトク食品","ユアーハイマート","ユアーハイマート","あなたのふるさとユアーハイマート","https://www.amazon.co.jp/stores/あなたのふるさとユアーハイマート/page/0EE976A9-BCA1-42CF-9AF7-2E8BC240FD11","","Size: 14g×4p×10袋;","","14g×4p×10袋","","","","","","4","","","","","0","no","","","no","no","","","","","","","","","","","","56","","no","no","no","no","no","","","no","-","","","no","no","no","yes","no","no","no","no","no","no","no","no","no","no","no","no","no","yes","no","no","no","no","no","yes","no","no","no","no","no","no","no","no","no","no","no","no","no","no","no","no",""
"","","","20","125","1","個","","粉末","","","","","","","","","","","","蜂蜜","熱湯によるやけどにご注意ください。","no","no","","53,529","69 %","77084","¥ 1","0 %","1,950","14","208","253","8","24","55","","","","¥ 1","0 %","1,950","¥ 31","2 %","1,980","¥ 1","0 %","1,950","","","","","","","","","","","","","","","","","","","","","","","","","","","","","","","","","","","","","","","","","","","","co.jp","https://m.media-amazon.com/images/I/41b54xs-maL.jpg","","1","蒸し生姜湯 16g×4P×5袋 粉末 パウダー 生姜 ショウガ 無添加 国産原料 蒸し生姜 生生姜 イトク食品 生姜湯 ジンジャーティー ショウガオール 生ショウガ 手軽 溶かすだけ簡単 健康 温活","イトク TEA","商品の説明

【名称】
粉末清涼飲料

【お召し上がり方】
1.カップに本品1袋をいれます。
2.熱湯を注ぎます。(約120ml～150ml)
3.よく混ぜてお召し上がりください。
※熱湯によるやけどにご注意ください。

【原材料名】
ビートグラニュー糖(てん菜糖(北海道産))、澱粉、生姜、加工黒糖、本葛粉、黒酢、寒梅粉、蜂蜜

【栄養成分表示】
1袋(16g)当たり
●エネルギー 63kcal、●たんぱく質 0g、●脂質 0g、●炭水化物 15.7g、●食塩相当量 0g

【ご注意】
・開封後はお早めにお召し上がりください。
・蜂蜜入りのため、1歳未満の乳児には食べさせないでください。
※製品管理には万全を期しておりますが、万一不都合がありました場合は、イトク食品までお買い上げの日時と店名をご記入の上、現品と外袋をお送りください。代品と送料をお送りいたします。
※側面下部の未シール部分は袋を作る時にできるものです。
●保管及び取扱い上の注意
・直射日光・高温多湿を避けて保存してください。
・小児の手の届かない所に保管してください。
◆その他、本品記載の使用法・使用上の注意をよくお読みの上ご使用ください。

【メーカー名又は販売業者名】
イトク食品株式会社
広島県尾道市木ノ庄町木門田49
お問合せ:0848-48-1650
受付時間:8:30～17:00(土、日、祝日を除く)　


使用方法

この粉末を熱湯に溶かして飲んでください。

安全警告

熱湯によるやけどにご注意ください。","","","","","","","","","","","23555","32864","44534","62169","62531","-5 %","30 %","28 %","47 %","8038","153665","12","30","56","142","食品・飲料・お酒","grocery_display_on_website","# 61 | Top 4% | しょうが調味料; # 57 | Top 3% | シロップ","50","-2 %","4.3","39","39","37","35","33","0 %","0 %","0 %","-5 %","19","2026/02/23 17:28","2026/02/23 19:32","2026/02/23 17:26","1,949","","1,959","2,019","2,080","1,998","0 %","0 %","1 %","3 %","1,556","3,680","18","1 %","残り3点 ご注文はお早めに","-","","お買い物だねっと！ (88%) / A2OC76CXM0G0YV","","0 %","0 %","0 %","0 %","51 %","62 %","34 %","47 %","3","5","8","9","yes","no","-","","no","no","no","yes","2","9","0","0","0","0","0","0","","","","","","","","","","","","","100 %","1","1","Amazonオファーが存在しない","","1,949","1,950","1,953","1,873","1,808","0 %","0 %","0 %","0 %","1,350","1,969","0 %","1,949","1,965","1,972","1,970","1,974","0 %","0 %","1 %","1 %","1,680","2,098","お買い物だねっと！ (88%) / A2OC76CXM0G0YV","465","195","1,949","1,950","2,034","2,117","1,965","0 %","0 %","0 %","4 %","1,580","3,680","サドワラベースネットショップ (0%) / A24JXRP7XYHYFH","","","","","","","","","","","","","","","","","","","","","","","","","no","","","","","","","","","","","","","100 %","","","","","","","","","","","","","","","","","","","","","","","","","","","","","","","","","","","","","","","","","","","","","","","","","","","","","","","","","","","","","","","","","","","","","","","","","","","","","","","","","","","","","","","1,980","no","no","1,980","","","","","","","","","","","","","","","","","","","","","","","","","","","","","","","","","","11","11","10","9","7","7","0 %","0 %","-10 %","-22 %","","","","","","","","","","","","","","","","","","","","","","","","","","","","2016/12/19","2016/12/01","https://www.amazon.co.jp/dp/B01N6BLDDS?psc=1","https://keepa.com/#!product/5-B01N6BLDDS","食品・飲料・お酒","しょうが調味料, シロップ, ドリンク, コーヒー・紅茶・お茶・粉末ドリンク, 調味料・食用油・ドレッシング, 定期おトク便　OLS Browse Test, あわせ買い, 食品・飲料・お酒のみ, ドリンク, 食品ストア, たれ・料理ソース, 調味料, 洋風調味料, 飲料・酒, 飲料, 加工食品, 飲料, 加工食品, 調味料, 加工食品・冷凍食品, 調味料, 調味料","食品・飲料・お酒 › 調味料・食用油・ドレッシング › 香辛料・スパイス › しょうが調味料","Grocery","grocery_display_on_website","B01N6BLDDS","","","","","B0C7JLXRWQ","1","B09NPW34PR","TEA","","イトク","","","","","Size: 16グラム (x 5);","","16グラム (x 5)","","","","","","1","","","","","0","no","","","no","no","","2216","19","16.9","6.9","380","5","","","","","16","","no","no","no","no","no","","","no","-","","","no","no","no","yes","no","no","no","no","no","no","no","no","no","no","no","yes","no","yes","no","no","no","no","no","yes","no","no","no","no","no","no","no","no","no","no","no","no","no","no","no","no","10 %"
"","","","","","1","個","","粉末","","","","","","","","","","ビートグラニュー糖（てん菜（北海道産））、澱粉、生姜、加工黒糖、本葛粉、黒酢、寒梅粉、蜂蜜","","ジンジャー","","no","no","","3,554","11 %","33306","¥ 0","0 %","3,980","-","-","226","8","7","29","","","","¥ 0","0 %","3,980","","","","","","","","","","","","","","","","","","","","","","","","","","","","","","","","","","","","","","","","","","","","","","","","","","co.jp","https://m.media-amazon.com/images/I/51R6UG26TiL.jpg;https://m.media-amazon.com/images/I/51WFcO0hBYL.jpg;https://m.media-amazon.com/images/I/51U+WRnyiHL.jpg;https://m.media-amazon.com/images/I/51ltmdII37L.jpg;https://m.media-amazon.com/images/I/51l8Jm18HNL.jpg;https://m.media-amazon.com/images/I/51ypr+ogLHL.jpg","","6","イトク食品 国産 蒸し生姜湯 16g×60P入り 960g 生姜丸ごと荒おろし","","商品の説明

６０包入りタイプ。生の生姜と、蒸し生姜をダブルで使用。製法にこだわり、仕上げにじっくりと直火乾燥させることで、生姜本来の風味とコクが楽しめます。すべて国産原料、生姜は高知県産を使用。 1袋に生の生姜に換算して、4577mg(約ティースプーン山盛り1杯)入っている自慢の商品です。

原材料・成分

ビートグラニュー糖（てん菜（北海道産））、澱粉、生姜、加工黒糖、本葛粉、黒酢、寒梅粉、蜂蜜

使用方法

この茶は、お湯に浸して飲むことができます。","✅【商品詳細】●味も効能も違う「生」と「蒸し」の生姜を組み合わせ、生姜の存在感を出した生姜湯です。 ●生姜を丸ごと粗おろしにした「生ショウガ」と、蒸して長時間かけて低温乾燥した「蒸し生姜」の2種類を使用しています。●直火でじっくり焼き上げ乾燥して生姜本来の豊かな風味とコクを引き出しました。 ●高知県産生姜を使用。その他原料もすべて国産です。●国産生姜4577mg(生換算・1袋(16g)あたり)配合。","【内容量】1袋（16g×60P入り）","【原材料】ビートグラニュー糖（てん菜（北海道産））、澱粉、生姜、加工黒糖、本葛粉、黒酢、寒梅粉、蜂蜜","【原産国】日本","✅【保存方法/賞味期限につきまして】 直射日光、高温多湿を避けて保管してください。開封後は賞味期限に関わらずに冷暗所で保存し、お早めにお召し上がりください。 お手元に届く際の賞味期限は日々変動するために最大の賞味期限から短いもの（40日以上残っているもの）が到着します。 現時点での賞味期限の確認が必要な際は、ご注文前に必ずお問い合わせくださいませ。","✅【ご使用上の注意】 ※輸送時の破損や商品の状態には万全を期しておりますが、到着した商品にお気付きの点は購入店舗までまずはご連絡ください。 ※「リフココ」はライフアベイル株式会社の商標です。","","","","","29752","50582","61434","48142","68679","-17 %","10 %","41 %","52 %","3722","132529","12","26","68","132","食品・飲料・お酒","grocery_display_on_website","# 16 | Top 3% | 生姜","40","23 %","4.5","76","76","76","75","72","","","","","-","2026/02/14 15:36","2026/02/23 19:32","2026/02/18 20:50","3,980","","3,980","3,980","3,740","3,684","0 %","0 %","0 %","0 %","2,848","4,300","","48 %","在庫あり。","-","","【公式】リフココ ～食と暮らしを楽しく～（インボイス制度対応店） (99%) / A18COIYGTMT3AC","","0 %","0 %","0 %","0 %","95 %","57 %","44 %","34 %","1","1","4","4","yes","no","-","","no","no","no","yes","1","0","0","0","0","0","0","0","","","","","","","","","","","","","100 %","1","1","Amazonオファーが存在しない","","3,980","3,980","3,980","3,742","3,686","0 %","0 %","0 %","0 %","2,848","3,980","46 %","","3,980","3,980","3,732","3,677","","","","","2,848","3,980","-","514","398","","","","3,888","3,888","","","","","3,450","4,300","-","","","","","","","","","","","","","","","","","","","","","","","","","no","","","","","","","","","","","","","100 %","","","","","","","","","","","","","","","","","","","","","","","","","","","","","","","","","","","","","","","","","","","","","","","","","","","","","","","","","","","","","","","","","","","","","","","","","","","","","","","","","","","","","","","3,300","no","no","3,300","","","","","","","","","","","","","","","","","","","","","","","","","","","","","","","","","","1","1","1","1","3","3","0 %","0 %","0 %","0 %","","","","","","","","","","","","","","","","","","","","","","","","","","","","2021/12/18","2021/12/17","https://www.amazon.co.jp/dp/B09NR2L32X","https://keepa.com/#!product/5-B09NR2L32X","食品・飲料・お酒","生姜, 野菜, 食品・レトルト食品, 定期おトク便　OLS Browse Test, あわせ買い, 食品・飲料・お酒のみ, 8Test1, はちみつのみ, 薬味・ハーブ, 食品ストア, 生姜, 生姜, 生鮮食品, 野菜, 野菜, 薬味・ハーブ, 生鮮食品, 薬味・ハーブ, 生鮮食品","食品・飲料・お酒 › 野菜 › 薬味・ハーブ › 生姜","Grocery","grocery_display_on_website","B09NR2L32X","4970107195304","","","","","0","","PACKAGED_SOUP_AND_STEW","","イトク食品","","","","","","","16グラム (x 60)","","","","","","60","","","","","0","no","","","no","no","","4067","33","23.7","5.2","1080","0","","","","","960","","no","no","no","no","no","","","yes","-","","","no","no","no","yes","no","no","no","no","no","no","no","no","no","no","no","yes","no","no","no","no","no","no","no","yes","no","no","no","no","no","no","no","no","no","no","no","no","no","no","no","no","10 %"
"","","","","","4","袋","","粉末","","","","","","","","","","ビートグラニュー糖、澱粉、生姜、加工黒糖、本葛粉、黒酢、寒梅粉、蜂蜜","","","","no","no","","76,638","63 %","122507","","","","85","53","24","8","7","3","","","","","","","","","","","","","","","","","","","","","","","","","","","","","","","","","","","","","","","","","","","","","","","","","","","","","","","","co.jp","https://m.media-amazon.com/images/I/51Z2VKaQw4L.jpg;https://m.media-amazon.com/images/I/6128WtUf6fL.jpg;https://m.media-amazon.com/images/I/41xHZ3FDYJL.jpg","","3","イトク食品 蒸し生姜湯 64g(16g×4袋) 4袋セット 超温感 生姜丸ごと ショウガオール 国産原料","","商品の説明

国産生姜を丸ごと荒おろし！
「生」と「蒸し」生姜の最強タッグ

原料すべてを国産にこだわり、生姜を丸ごと粗おろしにした「生ショウガ」と、蒸して長時間かけて低温乾燥した「蒸し生姜」の2種類を使用したしょうがゆです。
味も効能も違う「生」と「蒸し」の生姜を組み合わせ、生姜の存在感を出しました。直火乾燥で、風味やコクをさらにプラス。

■蒸し生姜の効能 ～冷え性を改善！～
乾姜（カンキョウ）とも呼ばれる蒸し生姜。体を内側から温める効果が高く、代謝アップ、冷えの改善に高い効果を発揮するショウガオールが、生の生姜の約33倍も含まれます。ショウガオールは加熱することで、ジンゲロールがショウガオールへ変化し、冷え性改善に役立つ温め成分をいっぱい含んだ『蒸し生姜』へと変身します。
成分が凝縮されているので少量でも効果を発揮し、手軽に摂り続けられます。お湯に溶かして飲む「生姜湯」はまさに飲む体温革命です。

体を冷やす性質がある上白糖ではなく、体を温めるビートグラニュー糖（砂糖大根）を使用しています。

ホットミルク（牛乳）に入れて、チャイ風に。
紅茶に入れて、ジンジャーティーに。
寒い季節はもちろん、冷房の効きすぎで冷えが気になるときのお飲み物としてもオススメです。
夏季には熱湯でといた後、冷やしても美味しくお召し上がりいただけます。
自宅はもちろん、オフィスなどの外出先でホッと一息入れたいときにも。個装タイプなので、持ち運びにも便利です。

飲むだけではなく、お料理にも。
豚肉を焼き、みりん、醤油、蒸し生姜湯を全体によく絡めて、生姜焼きもお手軽カンタン。



原材料・成分

ビートグラニュー糖、澱粉、生姜、加工黒糖、本葛粉、黒酢、寒梅粉、蜂蜜","内容量：合計4袋　256g(16g×4袋×4)","国産生姜を丸ごと荒おろし！ 「生」と「蒸し」生姜の最強タッグ","紅茶に入れて、ジンジャーティーに。","飲むだけではなく、お料理にも。","豚肉を焼き、みりん、醤油、蒸し生姜湯を全体によく絡めて、生姜焼きもお手軽カンタン。","","","","","","45869","97321","103124","103124","103124","-7 %","0 %","53 %","56 %","30461","200073","8","15","15","15","食品・飲料・お酒","grocery_display_on_website","# 95 | Top 9% | しょうが調味料","10","0 %","4.5","2","2","1","1","1","","","","","-","2026/02/19 15:48","2026/02/23 20:28","2026/02/11 23:24","1,520","","1,535","1,527","1,527","1,527","0 %","0 %","1 %","0 %","1,520","2,020","","29 %","通常2～3日以内に発送します。","-","","グラニーレ (96%) / A1EQKMLBNQ91IT","JP","0 %","0 %","0 %","0 %","82 %","70 %","70 %","70 %","2","2","2","2","no","no","-","","no","yes","no","no","0","2","0","0","0","0","0","0","","","","","","","","","","","","","100 %","1","1","Amazonオファーが存在しない","","1,520","1,664","1,590","1,590","1,590","0 %","14 %","9 %","4 %","1,520","2,020","27 %","","","","","","","","","","","","-","-","-","","1,648","1,588","1,588","1,588","","","","","1,520","2,020","-","","","","","","","","","","","","","","","","","","","","","","","","","no","","","","","","","","","","","","","100 %","","","","","","","","","","","","","","","","","","","","","","","","","","","","","","","","","","","","","","","","","","","","","","","","","","","","","","","","","","","","","","","","","","","","","","","","","","","","","","","","","","","","","","","","no","no","","","","","","","","","","","","","","","","","","","","","","","","","","","","","","","","","","","2","2","1","1","1","1","0 %","0 %","-100 %","-100 %","","","","","","","","","","","","","","","","","","","","","","","","","","","","2025/12/10","2023/12/12","https://www.amazon.co.jp/dp/B0G5DWT1LG","https://keepa.com/#!product/5-B0G5DWT1LG","食品・飲料・お酒","しょうが調味料, 調味料・食用油・ドレッシング, 定期おトク便　OLS Browse Test, あわせ買い, 食品, 食品・飲料・お酒のみ, 食品ストア, たれ・料理ソース, 調味料, 洋風調味料, 加工食品, 加工食品, 調味料, 加工食品・冷凍食品, 調味料, 調味料","食品・飲料・お酒 › 調味料・食用油・ドレッシング › 香辛料・スパイス › しょうが調味料","Grocery","grocery_display_on_website","B0G5DWT1LG","4970107110284","","","itoku-003-4","","0","","TEA","イトク食品株式会社","イトク食品","","","","","","","","","","","","","4","","","","","0","no","","","no","no","","","","","","","4","","","","","","","no","no","no","no","no","","","no","-","","","no","no","no","yes","no","no","no","no","no","no","no","no","no","no","no","no","no","yes","no","no","no","no","no","yes","no","no","no","no","no","no","no","no","no","no","no","no","no","no","no","no",""
"","","","","","5","袋","","粉末","","","","","","","","蒸し生姜使用のやさしい味わい 　生姜を蒸す製法により、辛味が穏やかで飲みやすい仕上がりです。, 国産原料・無添加仕上げ 　素材にこだわり、香料・着色料を使用していません。, 粉末タイプで手軽 　お湯に溶かすだけで簡単に生姜湯を楽しめます。, 個包装で使いやすい 　1包16gの使い切り仕様で、計量不要・保存にも便利です。, 日常使いしやすい容量 　20包入りで、毎日の習慣やご家庭の常備飲料に適しています。, 女性周期","","ビートグラニュー糖（てん菜（北海道産））、澱粉、有機生姜、黒糖、本葛粉、黒酢","","有機生姜、黒酢","体質や体調により、まれに合わない場合があります。異常を感じた場合は飲用を中止してください。 食物アレルギーをお持ちの方は、原材料表示をご確認のうえご使用ください。 妊娠中・授乳中の方、治療中の方は、医師にご相談のうえお召し上がりください。 開封後は早めにお召し上がりください。 高温多湿や直射日光を避けて保存してください。 本品は食品であり、医薬品ではありません。","no","no","","15,517","11 %","138278","¥ 0","0 %","3,120","-","-","-","8","8","8","","","","¥ 0","0 %","3,120","","","","","","","","","","","","","","","","","","","","","","","","","","","","","","","","","","","","","","","","","","","","","","","","","","co.jp","https://m.media-amazon.com/images/I/61QXAZ8J4vL.jpg;https://m.media-amazon.com/images/I/61PfBKaVGxL.jpg;https://m.media-amazon.com/images/I/61SD5ZyOKcL.jpg;https://m.media-amazon.com/images/I/61Y-wZbYXiL.jpg;https://m.media-amazon.com/images/I/51xCB7R4WOL.jpg;https://m.media-amazon.com/images/I/51pkplz7jCL.jpg;https://m.media-amazon.com/images/I/51U1V96dzcL.jpg;https://m.media-amazon.com/images/I/51NUAf+eOWL.jpg;https://m.media-amazon.com/images/I/71Xu9LiC4TL.jpg","","9","蒸し生姜湯「極」16g×4p×5袋 粉末 パウダー 生姜 ショウガ 無添加 国産原料 蒸し生姜 生生姜 イトク食品 生姜湯 ジンジャーティー 生ショウガ 手軽 溶かすだけ簡単 健康 温活","","商品の説明

厳選した国産原料にこだわって仕上げた、素材の風味を楽しめる一杯です。 香りの良い生姜と、選び抜いた国産原料のみを使用した蒸し生姜湯です。 ピリッとした生姜の辛みのあとに、黒糖のやさしい甘みが広がり、粗刻み生姜ならではの食感もお楽しみいただけます。 使用している生姜は、契約農家が栽培する高知県四万十産の有機生姜「土佐一生姜」を100％使用。 粗く刻んだ生ショウガを蒸し生姜にし、鹿児島県産の壺造り黒酢、沖縄県多良間島産の黒糖を加えて、素材の味を活かして仕上げました。

原材料・成分

ビートグラニュー糖（てん菜（北海道産））、澱粉、有機生姜、黒糖、本葛粉、黒酢

使用方法

生姜を蒸す製法により、辛味が穏やかで飲みやすい仕上がりです。

安全警告

体質や体調により、まれに合わない場合があります。異常を感じた場合は飲用を中止してください。 食物アレルギーをお持ちの方は、原材料表示をご確認のうえご使用ください。 妊娠中・授乳中の方、治療中の方は、医師にご相談のうえお召し上がりください。 開封後は早めにお召し上がりください。 高温多湿や直射日光を避けて保存してください。 本品は食品であり、医薬品ではありません。","内容量　16g×4P×5袋","賞味期限　製造日より24ヵ月","原材料名　ビートグラニュー糖（てん菜（北海道産））、澱粉、有機生姜、黒糖、本葛粉、黒酢","栄養成分表示　1袋(14g)あたり※推定値 　エネルギー 63Kcal・たんぱく質 0g・脂質 0g・炭水化物 15.7g・食塩相当量 0g","原料原産地：日本","形状：粉末（パウダー）","包装形態：個包装","保存方法：直射日光・高温多湿を避けて保存","添加物：香料・着色料 不使用","アレルゲン（特定原材料等）：該当なし","122761","142049","112163","137406","172249","-62 %","10 %","14 %","-9 %","33993","445946","3","22","33","42","食品・飲料・お酒","grocery_display_on_website","# 10,931 | Top 7% | コーヒー・紅茶・お茶・粉末ドリンク","","99 %","3.8","6","5","5","4","4","","","","","-","2026/02/05 01:26","2026/02/23 19:32","2026/02/13 10:16","3,120","","3,120","3,120","3,120","3,120","0 %","0 %","0 %","0 %","2,660","5,120","","5 %","通常4～5日以内に発送します。","-","","ユアーハイマート株式会社 (89%) / A3K4C97A1NCTLY","JP","0 %","0 %","0 %","0 %","94 %","95 %","98 %","99 %","1","1","1","1","no","no","-","","no","yes","no","no","0","1","0","0","0","0","0","0","","","","","","","","","","","","","100 %","1","1","Amazonオファーが存在しない","","3,120","3,120","3,120","3,120","3,120","0 %","0 %","0 %","0 %","2,660","6,100","3 %","","","","","","","","","","","","-","-","-","","3,120","3,120","3,120","3,120","","","","","2,660","6,100","-","","","","","","","","","","","","","","","","","","","","","","","","","no","","","","","","","","","","","","","100 %","","","","","","","","","","","","","","","","","","","","","","","","","","","","","","","","","","","","","","","","","","","","","","","","","","","","","","","","","","","","","","","","","","","","","","","","","","","","","","","","","","","","","","","","no","no","","","","","","","","","","","","","","","","","","","","","","","","","","","","","","","","","","","1","1","1","1","1","1","0 %","0 %","0 %","0 %","","","","","","","","","","","","","","","","","","","","","","","","","","","","2023/01/27","2023/01/19","https://www.amazon.co.jp/dp/B0BSN7Q7D2","https://keepa.com/#!product/5-B0BSN7Q7D2","食品・飲料・お酒","コーヒー・紅茶・お茶・粉末ドリンク, ドリンク, コーヒー・紅茶・お茶・粉末ドリンク, 定期おトク便　OLS Browse Test, あわせ買い, 食品, 食品・飲料・お酒のみ, ドリンク, 食品ストア, 加工食品, 飲料・酒, 飲料, 飲料","食品・飲料・お酒 › コーヒー・紅茶・お茶・粉末ドリンク","Grocery","grocery_display_on_website","B0BSN7Q7D2","4970107110123","","","","","0","B0BHH2HYCT,B0CQ2YGFSS","TEA","イトク食品","イトク食品","","","","","","","","","","","","","20","","","","","0","no","","","no","no","","","","","","","5","","","","","14","","no","no","no","no","no","","","no","-","","","no","no","no","yes","no","no","no","no","no","no","no","no","no","no","no","no","no","yes","no","no","no","no","no","yes","no","no","no","no","no","no","no","no","no","no","no","no","no","no","no","no",""
"","","","","","1","袋","","粉末","","","","","","","","浜女月印はおによく、のんのりいからさ　とよくのなめらか","","","","蜂蜜","","no","no","","-24,857","-99 %","13048","¥ 0","0 %","1,399","-","-","5","7","8","8","","","","","","1,399","","","","","","","","","","","","","","","","","","","","","","","","","","","","","","","","","","","","","","","","","","","","","","","","","","co.jp","https://m.media-amazon.com/images/I/511bPI4ynPL.jpg;https://m.media-amazon.com/images/I/51mmJyP4D1L.jpg;https://m.media-amazon.com/images/I/51YW4nYb0pL.jpg;https://m.media-amazon.com/images/I/511MwBgVTJL.jpg;https://m.media-amazon.com/images/I/51Wivv-XtEL.jpg;https://m.media-amazon.com/images/I/51NCjDP4ozL.jpg","","6","蒸し 生姜湯 六漢生姜湯 粉末 国内 高知産 しょうが湯 ショウガ 漢方 温め 泉祐坊おみくじ付き [イトク] (蒸ししょうが湯, ３袋)","蒸し 生姜湯 六漢生姜湯 ３０包 粉末 国内 高知産 しょうが湯 ショウガ 漢方 温め 泉祐坊おみくじ付き [イトク]","商品の説明

生姜を蒸した後、乾燥させたものを『蒸し生姜』と呼びます。 生姜を蒸すことで温め成分の『ショウガオール』を増やし、乾燥させ成分を凝縮させます。 蒸し生姜は生の生姜に比べ、成分が凝縮されているので少量でも効果を発揮し、手軽に摂り続けられます 蒸し生姜湯に使用されている上白糖は体を冷やす性質があるため、温め効果のビートグラニュー糖（砂糖大根）を使用しています。

使用方法

1袋を150mlの沸騰したお湯に入れ、3分間おきます。","✅内容量：80g(16g×4袋)３パック、　賞味期限：製造日より24ヶ月","✅蒸し生姜湯　原材料名　ビートグラニュー糖、澱粉、生姜、加工黒糖、本葛粉、黒酢、寒梅粉、蜂蜜","✅六漢生姜湯　原材料名　ビートグラニュー糖、澱粉、有機大根、生姜、ナツメ粉末、食塩、桂皮粉末、甘草粉末、本葛粉、カリン粉末","✅国産原料を１００％使用し、味も効能も違う「生」と「蒸し」の生姜を組み合わせ、生姜の存在感を出しました。国産生姜4577mg配合（生換算・1袋（16g）あたり）","✅寒い季節、温かいトロっとしたしょうが湯は身体も心もほっこりと温めてくれます。 生姜の辛味と砂糖大根の優しい甘さが喉を柔らかく包んでくれます。","✅原材料（純辛蒸し生姜湯）　ビートグラニュー糖（てん菜（北海道産））、澱粉、生姜、加工黒糖、寒梅粉、本葛粉、蜂蜜　　国産生姜7639mg配合","","","","","37905","20663","17135","24574","40170","-16 %","-24 %","-83 %","-121 %","6026","127203","12","41","76","122","食品・飲料・お酒","grocery_display_on_website","# 92 | Top 3% | しょうが調味料","40","18 %","4","76","74","72","70","62","","","","","5","2026/02/23 17:28","2026/02/23 19:32","2026/02/11 20:16","1,399","","1,399","1,399","1,395","1,393","0 %","0 %","0 %","0 %","1,278","1,541","","16 %","通常3～4日以内に発送します。","-","","笑家堂 (100%) / A2NL9SXO0PAFE6","","0 %","0 %","0 %","0 %","63 %","84 %","90 %","90 %","1","1","1","2","no","no","-","","no","yes","no","no","","","","","","","","","","","","","","","","","","","","","100 %","1","1","Amazonオファーが存在しない","","","1,399","1,399","1,395","1,393","","","","","1,380","1,480","12 %","","","","","","","","","","1,480","1,480","-","318","112","","1,399","1,399","1,395","1,393","","","","","1,380","1,399","-","","","","","","","","","","","","","","","","","","","","","","","","","no","","","","","","","","","","","","","100 %","","","","","","","","","","","","","","","","","","","","","","","","","","","","","","","","","","","","","","","","","","","","","","","","","","","","","","","","","","","","","","","","","","","","","","","","","","","","","","","","","","","","","","","","no","no","","","","","","","","","","","","","","","","","","","","","","","","","","","","","","","","","","","0","","1","1","1","1","","","","","","","","","","","","","","","","","","","","","","","","","","","","","","","","2021/12/16","2021/10/05","https://www.amazon.co.jp/dp/B09NPVNSWR?psc=1","https://keepa.com/#!product/5-B09NPVNSWR","食品・飲料・お酒","しょうが調味料, ドリンク, コーヒー・紅茶・お茶・粉末ドリンク, 調味料・食用油・ドレッシング, 定期おトク便　OLS Browse Test, あわせ買い, 食品, 食品・飲料・お酒のみ, はちみつのみ, ドリンク, 食品ストア, たれ・料理ソース, 調味料, 洋風調味料, 飲料・酒, 飲料, 加工食品, 飲料, 加工食品, 調味料, 加工食品・冷凍食品, 調味料, 調味料","食品・飲料・お酒 › 調味料・食用油・ドレッシング › 香辛料・スパイス › しょうが調味料","Grocery","grocery_display_on_website","B09NPVNSWR","4570029570496","","","s6yu6","B09JJLJ9RJ","14","B0091FSWFU,B0091FSWXW","TEA","イトク食品","エムジェイエス","","","","","FlavorName: 蒸ししょうが湯; Size: ３袋;","","３袋","","","","","","3","","","","","0","no","","","no","no","","2646","33.4","23.3","3.4","360","6","","","","","16","","no","no","no","no","no","","","no","-","","","no","no","no","no","no","no","no","no","no","no","no","no","no","no","no","no","no","no","no","no","no","no","no","yes","no","no","no","no","no","no","no","no","no","no","no","no","no","no","no","no","8.01 %"
"","","","","","30","袋","","","","","","","","","","","","チキンエキス(国内製造)、食塩、でん粉、ジンジャーパウダー、チキンオイル、クリーミングパウダー、白菜エキス、砂糖、酵母エキス、高麗人参パウダー、うきみ・具(乾燥雑穀(玄米、きび、あわ、黒米、食塩)、味付鶏肉、乾燥ねぎ、赤ピーマン、塩漬生姜、ごま)、調味料(アミノ酸等)、糊料(キサンタン)、酸化防止剤(ビタミンE)、香辛料、トレハロース、(一部に小麦・乳成分・ごま・大豆・鶏肉を含む)","","チキンエキス(国内製造)、食塩、でん粉、ジンジャーパウダー、チキンオイル、クリーミングパウダー、白菜エキス、砂糖、酵母エキス、高麗人参パウダー、うきみ・具(乾燥雑穀(玄米、きび、あわ、黒米、食塩)、味付鶏肉、乾燥ねぎ、赤ピーマン、塩漬生姜、ごま)、調味料(アミノ酸等)、糊料(キサンタン)、酸化防止剤(ビタミンE)、香辛料、トレハロース、(一部に小麦・乳成分・ごま・大豆・鶏肉を含む)","","no","no","","890","71 %","1262","","","","36","32","84","4","5","61","","","","","","","","","","","","","","","","","","","","","","","","","","","","","","","","","","","","","","","","","","","","","","","","","","","","","","","","co.jp","https://m.media-amazon.com/images/I/41zfinbzQYL.jpg;https://m.media-amazon.com/images/I/311-jBWOD7L.jpg;https://m.media-amazon.com/images/I/4125MQDcACL.jpg;https://m.media-amazon.com/images/I/31IDlsPe7QL.jpg","","4","Nagatanien 永谷園 「冷え知らず」さんの生姜参鶏湯 30食","「冷え知らず」さん","商品紹介

働く女性のために開発した、生姜を使った参鶏湯です。
「参鶏湯」(サムゲタン)とは、鶏を使った韓国の代表的なスープ。
鶏の旨みがとけ込んだスープに、生姜をしっかり効かせました。赤ピーマンやネギなどの具が彩りを添えて、雑穀の食感も楽しめます。あたたかパワー生姜配合。

原材料・成分

チキンエキス(国内製造)、食塩、でん粉、ジンジャーパウダー、チキンオイル、クリーミングパウダー、白菜エキス、砂糖、酵母エキス、高麗人参パウダー、うきみ・具(乾燥雑穀(玄米、きび、あわ、黒米、食塩)、味付鶏肉、乾燥ねぎ、赤ピーマン、塩漬生姜、ごま)、調味料(アミノ酸等)、糊料(キサンタン)、酸化防止剤(ビタミンE)、香辛料、トレハロース、(一部に小麦・乳成分・ごま・大豆・鶏肉を含む)","チキンエキス(国内製造)、食塩、でん粉、ジンジャーパウダー、チキンオイル、クリーミングパウダー、白菜エキス、砂糖、酵母エキス、高麗人参パウダー、うきみ・具(乾燥雑穀(玄米、きび、あわ、黒米、食塩)、味付鶏肉、乾燥ねぎ、赤ピーマン、塩漬生姜、ごま)、調味料(アミノ酸等)、糊料(キサンタン)、酸化防止剤(ビタミンE)、香辛料、トレハロース、(一部に小麦・乳成分・ごま・大豆・鶏肉を含む)","商品サイズ(高さx奥行x幅):35cm×4.1cm×26cm","1袋当たり20kcal","働く女性のために開発した、生姜を使った参鶏湯。","赤ピーマンやネギなどの具が彩りを添えて、雑穀の食感も楽しめる。","","","","","","372","472","968","984","1250","-5 %","-8 %","21 %","62 %","157","4135","18","92","236","775","食品・飲料・お酒","grocery_display_on_website","# 3 | Top 0.03% | スープ","3000","-83 %","4.3","2538","2528","2508","2488","2461","0 %","0 %","0 %","-1 %","394","2026/02/23 18:36","2026/02/23 20:04","2026/02/23 18:36","1,769","","1,805","1,821","1,842","1,854","0 %","0 %","2 %","3 %","1,177","4,876","1000","41 %","在庫あり。","1,998","LIST_PRICE","Amazon","","99 %","60 %","80 %","90 %","99 %","60 %","80 %","90 %","1","1","1","1","yes","no","2,296","","no","no","no","yes","1","0","0","0","0","0","0","0","1,769","1,805","1,821","1,842","1,854","0 %","0 %","2 %","3 %","1,151","2,088","1000","40 %","1","11","Amazonオファーは在庫があり出荷可能","","1,751","1,805","1,821","1,842","1,853","1 %","1 %","3 %","4 %","12","2,700","40 %","","","","1,873","1,873","","","","","1,685","2,088","-","514","177","","","","","","","","","","18","5,086","-","","","","","","","","","","1,498","1,498","","","","","","","","","","","","","","no","","","","","","","","","","","1,515","1,515","100 %","","","","","","","","","","1,515","1,515","","","","","","","","","","","","","","","","","","","","","","","","","","","","","","","","","","","","","","","","","","","1,515","1,515","","","","","","","","","","","","","","","","","","","","","","","1,998","1,998","1,998","1,998","1,998","0 %","0 %","0 %","0 %","1,728","no","yes","1,998","","","","","","","","","","","","","","","","","","","","","","","","","","","","","","","","","","1","1","1","1","1","1","0 %","0 %","0 %","0 %","","","","","","","","","","","","","","","","","","","","","","","","","","","","2017/05/22","2017/05/19","https://www.amazon.co.jp/dp/B071LJ9J2W?psc=1","https://keepa.com/#!product/5-B071LJ9J2W","食品・飲料・お酒","スープ, おせちHQP紐付用, SnS May Promo Code Campaign Grocery, シリアル・カップ麺・米などの食品がお買い得, 食品・レトルト食品, パパ・ママにおすすめ 食品・飲料ベストセラー, 定期おトク便　OLS Browse Test, 食品・飲料 表示されている方限定キャンペーン, SnS Acquisition Test Grocery ASINs Low Price, 【本日限定】調味料、缶詰などがお買い得, あわせ買い, その他食品, 食品, 定期おトク便AFC除外, ファミリー会員 売れ筋食品・飲料, 食品・飲料・お酒のみ, Grocery 400 pt eligible, 200ポイントボーナス対象商品, Grocery_under2000_BFW24, Grocery Recommendation Widget, 日用品・生活必需品 - 食品・飲料, その他食品, 食品ストア, 加工食品, 加工食品, 加工食品, レトルト・料理の素, 加工食品・冷凍食品, レトルト・料理の素全般, レトルト・料理の素","食品・飲料・お酒 › レトルト・料理の素 › スープ・味噌汁 › スープ","Grocery","grocery_display_on_website","B071LJ9J2W","4902388013206","","","","B0GN699PK4","5","","PACKAGED_SOUP_AND_STEW","永谷園","Nagatanien","Nagatanien","株式会社永谷園","https://www.amazon.co.jp/stores/株式会社永谷園/page/0693BD0F-4E73-4FFB-8120-17FFEC7D7ACF","","FlavorName: 生姜参鶏湯;","","6グラム (x 30)","","","","","食品&飲料","1","","","","","0","no","","","yes","yes","[{""fromManufacturer"":true,""module"":[{""image"":[""https://m.media-amazon.com/images/S/aplus-media-library-service-media/70fc326b-b68a-4883-8cdc-689f33e98304.jpg"",""https://m.media-amazon.com/images/S/aplus-media-library-service-media/88447ce6-fc2b-4171-85f4-8d16c2b633a5.jpg"",""https://m.media-amazon.com/images/S/aplus-media-library-service-media/14800286-f843-4abc-9138-9341840b60e8.jpg""],""imageAltText"":[""冷え知らずさんの生姜参鶏湯"",""お湯を注いでまぜるだけ"",""雑穀入りの生姜効いた参鶏湯""],""text"":[""「参鶏湯（サムゲタン）」は、鶏を使った韓国の代表的なスープ。"",""「冷え知らず」さんの生姜参鶏湯"",""カロリーはたったの２０ｋｃａｌ"",""お得な３０食入"",""お湯を注ぐだけ"",""「スープ」を器にあけ、熱湯１５０ｍｌを注いで、すぐによくかき混ぜ、１分ほど待ってからお召し上がりください。"",""とろみのある韓国風チキンスープ"",""鶏の旨味がギュッと詰まった４種の雑穀（玄米、きび、あわ、黒米）入り韓国風チキンスープ"",""具は雑穀(玄米、きび、あわ、黒米)、味付鶏肉、乾燥ねぎ、赤ピーマン、塩漬しょうが、ごま。""]},{""asin"":[""B071LJ9J2W"",""B07DK4KK7C"",""B0CLN872XS"",""B0B8G5WDKB"",""B0DGFLVFXW""]}]}]","6936","34","25.5","8","270","1","","","","","180","","no","no","no","no","no","","","yes","-","","","no","yes","no","yes","no","no","no","no","no","no","no","no","no","no","no","no","no","no","no","no","no","no","no","yes","no","no","no","no","no","no","no","no","no","no","no","no","no","no","no","no","10.01 %"
"","","","301","","18","袋","","粉末","","","","","","","","とろ～り優しい甘さとしょうがの香り、のどにやさしい","","砂糖、しょうが、馬鈴薯澱粉（遺伝子組換えではない）、黒糖、葛粉、かりん","","砂糖、しょうが、馬鈴薯澱粉（遺伝子組換えではない）、黒糖、葛粉、かりん","一般的な注意事項：飲食の際は注意してください。","no","no","","38,833","86 %","45090","","","","-","-","-","8","7","8","","","","","","","","","","","","","","","","","","","","","","","","","","","","","","","","","","","","","","","","","","","","","","","","","","","","","","","","co.jp","https://m.media-amazon.com/images/I/41DjDYX2RyL.jpg;https://m.media-amazon.com/images/I/412IGPV6VaL.jpg;https://m.media-amazon.com/images/I/418DH9ybg-L.jpg;https://m.media-amazon.com/images/I/41st4nfrK5L.jpg;https://m.media-amazon.com/images/I/41yIit9RxFL.jpg;https://m.media-amazon.com/images/I/611yp71YfNL.jpg;https://m.media-amazon.com/images/I/51DoKVzltJL.jpg;https://m.media-amazon.com/images/I/516fHTvY0wL.jpg;https://m.media-amazon.com/images/I/41GiYzABD6L.jpg","","9","国産原料100％ しょうが湯 生姜湯 個包装 ジンジャー 沖縄県産黒糖 かりん 葛粉 (1)","国産原料100％ しょうが湯 生姜湯 個包装 ジンジャー 沖縄県産黒糖 かりん 葛粉","","湯呑み1杯飲みきりサイズの18g 持ち歩きに嬉しい個包装タイプ","製造元はしょうが湯の元祖「樋口製菓」","お子さまからご年配の方までご家族でどうぞ","のどに広がる懐かしい自然の風味としょうがの香り","国内産しょうが・沖縄産加工黒糖・鹿児島産葛粉・北海道産ばれいしょでんぷん＆ビートグラニュー糖・奈良産かりんエキス","牛乳で割っても美味しい・冷やしてサッパリ飲んでも美味しい","","","","","6257","14662","41938","25826","24724","-4 %","1 %","57 %","85 %","2614","103787","22","33","104","116","食品・飲料・お酒","grocery_display_on_website","# 820 | Top 0.87% | コーヒー・紅茶・お茶・粉末ドリンク","300","33 %","4.2","51","49","45","35","26","","","","","25","2026/02/08 17:24","2026/02/23 20:16","2026/02/08 17:24","1,080","","1,080","1,080","1,080","1,080","0 %","0 %","0 %","0 %","1,080","1,080","301","58 %","在庫あり。","-","","株式会社マウントリッチ (0%) / AL1FISS1QCECC","","0 %","0 %","0 %","0 %","96 %","32 %","55 %","78 %","1","2","2","2","yes","no","-","","no","no","no","yes","1","0","0","0","0","0","0","0","","","","","","","","","","","","","100 %","1","1","Amazonオファーが存在しない","","1,080","1,080","1,080","1,080","1,080","0 %","0 %","0 %","0 %","1,080","1,080","57 %","","1,080","1,080","1,080","1,080","","","","","1,080","1,080","-","455","86","","","","","","","","","","","","-","","","","","","","","","","","","","","","","","","","","","","","","","no","","","","","","","","","","","","","100 %","","","","","","","","","","","","","","","","","","","","","","","","","","","","","","","","","","","","","","","","","","","","","","","","","","","","","","","","","","","","","","","","","","","","","","","","","","","","","","","","","","","","","","","","no","no","","","","","","","","","","","","","","","","","","","","","","","","","","","","","","","","","","","1","1","1","1","1","1","0 %","0 %","0 %","0 %","","","","","","","","","","","","","","","","","","","","","","","","","","","","2024/11/23","2024/11/15","https://www.amazon.co.jp/dp/B0DN5TD5XY?psc=1","https://keepa.com/#!product/5-B0DN5TD5XY","食品・飲料・お酒","コーヒー・紅茶・お茶・粉末ドリンク, ドリンク, コーヒー・紅茶・お茶・粉末ドリンク, 定期おトク便　OLS Browse Test, あわせ買い, 食品, 食品・飲料・お酒のみ, 日用品・生活必需品 - 食品・飲料, ドリンク, 食品ストア, 加工食品, 飲料・酒, 飲料, 飲料","食品・飲料・お酒 › コーヒー・紅茶・お茶・粉末ドリンク","Grocery","grocery_display_on_website","B0DN5TD5XY","4528872061067","","","H-00638-18","B0DN5BMMSB","2","B0DBKWYNV3","TEA","株式会社樋口製菓","nunokame","nunokame","nunokame","https://www.amazon.co.jp/stores/nunokame/page/B1C3F05C-C257-41EC-B70D-CBD2F96978CC","H-00638","PackageQuantity: 1;","黄色","","","","","","","1","","","","","1","yes","[{""creator"":""クリエイター: Main"",""image"":""https://m.media-amazon.com/images/I/614rE4fmZIL.jpg"",""url"":""https://m.media-amazon.com/images/S/vse-vms-transcoding-artifact-us-west-2-prod/9e0be899-f058-4057-8111-a570716ee218/default.vertical.jobtemplate.hls.m3u8""}]","","yes","no","[{""fromManufacturer"":false,""module"":[{""image"":[""https://m.media-amazon.com/images/S/aplus-media-library-service-media/95712794-7c19-4caa-8869-e31ee399bcaf.png"",""https://m.media-amazon.com/images/S/aplus-media-library-service-media/b152a387-1a38-4565-9984-d2b84c9a8688.png"",""https://m.media-amazon.com/images/S/aplus-media-library-service-media/598aa93b-2483-48e0-874c-2310e50f4dec.jpg"",""https://m.media-amazon.com/images/S/aplus-media-library-service-media/ae7f07d2-33ea-4a39-85c2-b54d4b8f0eeb.jpg""],""imageAltText"":[""個包装20袋入り"",""持ち運びしやすい個包装"",""プレゼントにもお勧め"",""ほっ　じんわり広がるあたたかなひととき""],""text"":[""「布亀のしょうが湯」―1箱18袋入りの個包装で持ち運び便利！贈り物にも最適な国内産原材料100％使用。黒糖のコクとしょうがの辛さで、ほっと心も体も温める一杯を楽しんでください。寒い季節にぴったりの優しい味わい。"",""1箱につき18袋入り"",""1袋あたり18gの飲みきりサイズで、いつでも簡単に作れるのが嬉しいポイント。国内産原材料100％使用の本格的な味わいは、忙しい朝や夜のリラックスタイムにぴったり。たっぷり入っているので、ご家族や友人ともシェアできますし、毎日気軽に楽しむことができます。風味豊かなしょうがの辛さと黒糖の深みのある甘さが調和し、飲むたびに心も体も温かくなる一杯です。"",""持ち運びしやすい個包装タイプ"",""個包装で持ち運びにも便利です。バッグに1～2袋忍ばせておけば、寒い外出先やオフィスでもすぐに温かいしょうが湯を楽しめます。職場での休憩時間や、旅行先でのリラックスタイム、体調が優れないときなど、さまざまなシーンで活躍します。個包装なのでいつでも衛生的にお召し上がりいただけます。忙しい毎日でも、手軽にホッとひと息つけるしょうが湯を、あなたのパートナーとしてぜひお持ちください。"",""ちょっとしたプレゼントにも"",""大切な方へのちょっとしたプレゼントにもぴったりです。"",""季節の贈り物としてはもちろん、日頃の感謝の気持ちを伝えるギフトや、寒い季節に心温まるプチギフトとしても最適です。温かさと優しさを届けるしょうが湯は、幅広い年齢層に喜ばれること間違いなし。体を温めたい方にもぴったりなので、ちょっとした健康を気遣う贈り物としてもどうぞ。"",""ほっと心も身体も温まる"",""寒い季節や冷えた夜にぴったりの「布亀のしょうが湯」で、心も身体もほっと温まりませんか？国内産のしょうがをたっぷり使用し、黒糖やかりんエキスの優しい甘さが加わった一杯は、体の芯からじんわりと温めてくれます。忙しい日々の中でのリラックスタイムや、冷えた体を労わるために最適です。お子さまからご年配の方まで、家族みんなで楽しめる優しい味わいを、ぜひご自宅でお楽しみください。とろみのある飲み心地が、長時間温かさを保ち、寒い日々にぴったりです。""]},{""image"":[""https://m.media-amazon.com/images/S/aplus-media-library-service-media/9bafd56b-5d76-4a7b-a3d3-f5bc0f012b06.jpg""],""imageAltText"":[""ジンジャーアイス""],""text"":[""バニラアイスに混ぜて美味しい♪"",""暑い日にはアイスに生姜湯粉末を混ぜてジンジャーアイスをどうぞ！"",""胡桃などのナッツを入れるのもオススメ！"",""ピリッと美味しいデザートの完成！""]}]}]","1111","21.1","11.2","4.7","380","1","1155","11","21","5","324","","no","no","no","no","no","","","no","-","","","no","no","no","yes","no","no","no","no","no","no","no","no","no","no","no","yes","no","no","no","no","no","no","no","yes","no","no","no","no","no","no","no","no","no","no","no","no","no","no","no","no","7.96 %"
"","","","","","1","個","","パウダー","","","","","","","","","","ビートグラニュー糖（てん菜（北海道産））、澱粉、生姜、加工黒糖、本葛粉、黒酢、寒梅粉、蜂蜜","","","","no","no","","27,342","50 %","54153","","","","101","123","67","8","7","5","","","","","","","","","","","","","","","","","","","","","","","","","","","","","","","","","","","","","","","","","","","","","","","","","","","","","","","","co.jp","https://m.media-amazon.com/images/I/418FTqhkIZL.jpg;https://m.media-amazon.com/images/I/51EhWKTRQaL.jpg;https://m.media-amazon.com/images/I/51z73S+vSeL.jpg;https://m.media-amazon.com/images/I/51XnW6q+W9L.jpg;https://m.media-amazon.com/images/I/51YQcewf2IL.jpg;https://m.media-amazon.com/images/I/51+f-FNGzaL.jpg;https://m.media-amazon.com/images/I/41LDg0M-VqL.jpg","","7","イトク食品 国産 蒸し生姜湯 1袋（16g×48P入り）大容量サイズ 生姜丸ごと荒おろし (単品)","イトク食品 国産 蒸し生姜湯 1袋（16g×48P入り）大容量サイズ 生姜丸ごと荒おろし","商品の説明

●味も効能も違う「生」と「蒸し」の生姜を組み合わせ、生姜の存在感を出した生姜湯です。

●生姜を丸ごと粗おろしにした「生ショウガ」と、蒸して長時間かけて低温乾燥した「蒸し生姜」の2種類を使用しています。

●直火でじっくり焼き上げ乾燥して生姜本来の豊かな風味とコクを引き出しました。

●高知県産生姜を使用。その他原料もすべて国産です。

●国産生姜4577mg(生換算・1袋(16g)あたり)配合。

【原材料】
ビートグラニュー糖（てん菜（北海道産））、澱粉、生姜、加工黒糖、本葛粉、黒酢、寒梅粉、蜂蜜

【保存方法】
直射日光を避けて、常温で保存して下さい。

【原産国】
日本


原材料・成分

ビートグラニュー糖（てん菜（北海道産））、澱粉、生姜、加工黒糖、本葛粉、黒酢、寒梅粉、蜂蜜","✅【商品詳細】●味も効能も違う「生」と「蒸し」の生姜を組み合わせ、生姜の存在感を出した生姜湯です。 ●生姜を丸ごと粗おろしにした「生ショウガ」と、蒸して長時間かけて低温乾燥した「蒸し生姜」の2種類を使用しています。●直火でじっくり焼き上げ乾燥して生姜本来の豊かな風味とコクを引き出しました。 ●高知県産生姜を使用。その他原料もすべて国産です。●国産生姜4577mg(生換算・1袋(16g)あたり)配合。","【内容量】1袋（16g×48P入り）","【原材料】ビートグラニュー糖（てん菜（北海道産））、澱粉、生姜、加工黒糖、本葛粉、黒酢、寒梅粉、蜂蜜","【原産国】日本","✅【保存方法/賞味期限につきまして】 直射日光、高温多湿を避けて保管してください。開封後は賞味期限に関わらずに冷暗所で保存し、お早めにお召し上がりください。 お手元に届く際の賞味期限は日々変動するために最大の賞味期限から短いもの（40日以上残っているもの）が到着します。 現時点での賞味期限の確認が必要な際は、ご注文前に必ずお問い合わせくださいませ。","✅【ご使用上の注意】 ※輸送時の破損や商品の状態には万全を期しておりますが、到着した商品にお気付きの点は購入店舗までまずはご連絡ください。 ※「リフココ」はライフアベイル株式会社の商標です。","","","","","26811","20126","56479","64898","64898","-32 %","-9 %","-33 %","53 %","9319","243303","16","28","52","52","食品・飲料・お酒","grocery_display_on_website","# 695 | Top 1.95% | ハーブティー","50","18 %","4.2","9","8","7","7","7","0 %","-12 %","-12 %","-29 %","-","2026/02/04 14:00","2026/02/23 20:24","2026/02/22 01:44","3,240","","3,186","3,169","3,176","3,176","0 %","0 %","-2 %","-2 %","2,916","3,240","","49 %","在庫あり。","-","","【公式】リフココ ～食と暮らしを楽しく～（インボイス制度対応店） (99%) / A18COIYGTMT3AC","","0 %","0 %","0 %","0 %","96 %","51 %","63 %","63 %","1","1","1","1","yes","no","-","","no","no","no","yes","1","0","0","0","0","0","0","0","","","","","","","","","","","","","100 %","1","1","Amazonオファーが存在しない","","3,240","3,188","3,171","3,176","3,176","0 %","0 %","-2 %","-2 %","2,916","3,240","48 %","3,240","3,240","3,204","3,209","3,209","0 %","0 %","0 %","-1 %","2,916","3,240","【公式】リフココ ～食と暮らしを楽しく～（インボイス制度対応店） (99%) / A18COIYGTMT3AC","318","324","","","","","","","","","","","","-","","","","","","","","","","","","","","","","","","","","","","","","","no","","","","","","","","","","","","","100 %","","","","","","","","","","","","","","","","","","","","","","","","","","","","","","","","","","","","","","","","","","","","","","","","","","","","","","","","","","","","","","","","","","","","","","","","","","","","","","","","","","","","","","","","no","no","","","","","","","","","","","","","","","","","","","","","","","","","","","","","","","","","","","1","1","1","1","1","1","0 %","0 %","0 %","0 %","","","","","","","","","","","","","","","","","","","","","","","","","","","","2025/09/22","2022/10/31","https://www.amazon.co.jp/dp/B0FQV1NR77?psc=1","https://keepa.com/#!product/5-B0FQV1NR77","食品・飲料・お酒","ハーブティー, ドリンク, コーヒー・紅茶・お茶・粉末ドリンク, 定期おトク便　OLS Browse Test, あわせ買い, 食品, 食品・飲料・お酒のみ, はちみつのみ, ドリンク, 食品ストア, 加工食品, 飲料・酒, 飲料, 飲料","食品・飲料・お酒 › コーヒー・紅茶・お茶・粉末ドリンク › 茶葉・粉末ティー › フルーツ・ハーブティー › ハーブティー","Grocery","grocery_display_on_website","B0FQV1NR77","4570139879892","","","4573115289258","B0FQTHF9Q9","3","B0FQV5847X","FOOD","リフココ","リフココ","リフココ","リフココ【食と暮らしを楽しく】","https://www.amazon.co.jp/stores/リフココ【食と暮らしを楽しく】/page/97EEEE64-AB23-45E1-A6BF-5907BD028C14","","Size: 単品;","","単品","","","","","","48","","","","","0","no","","","no","no","","2277","30.6","24.8","3","860","","","","","","","","no","no","no","no","no","","","no","-","","","no","no","no","no","no","no","no","no","no","no","no","no","no","no","no","no","no","no","no","no","no","no","no","no","no","no","no","no","no","no","no","no","no","no","no","no","no","no","no","no","10 %"
"","","","","","1","袋","","粉末","","","","","","","","","","ビートグラニュー糖（てん菜（北海道産））、澱粉、有機大根、生姜、ナツメ粉末、食塩、桂皮粉末、甘草粉末、本葛粉、カリン粉末","","","","no","no","","9,362","8 %","110771","","","","105","93","47","8","7","5","","","","","","","","","","","","","","","","","","","","","","","","","","","","","","","","","","","","","","","","","","","","","","","","","","","","","","","","co.jp","https://m.media-amazon.com/images/I/41tWtQGhA4L.jpg;https://m.media-amazon.com/images/I/51EvfA3cQVL.jpg;https://m.media-amazon.com/images/I/41hleppqFSL.jpg;https://m.media-amazon.com/images/I/314K+u2pLHL.jpg","","4","イトク食品 国産 六漢生姜湯 1袋（16g×48P入り） 大容量サイズ 6つの和漢食材 生姜/ナツメ/桂皮/甘草/本葛/カリンを配合 (単品)","イトク食品 国産 六漢生姜湯 1袋（16g×48P入り） 大容量サイズ 6つの和漢食材 生姜/ナツメ/桂皮/甘草/本葛/カリンを配合","商品の説明

【商品詳細】
六漢生姜湯（ろっかんしょうがゆ）には、6つの和漢食材(生姜、ナツメ、桂皮、甘草、本葛、カリン)を配合しました。
ショウガオールたっぷりの蒸し生姜や、喉にも良いとされる大根、温め効果の高い桂皮(シナモン)はベトナム桂皮を使用。
ほのかなシナモン香る生姜湯です。フレンチトーストや、紅茶の砂糖の代わりに使えば、想像以上に美味しく頂けます。

原材料・成分

ビートグラニュー糖（てん菜（北海道産））、澱粉、有機大根、生姜、ナツメ粉末、食塩、桂皮粉末、甘草粉末、本葛粉、カリン粉末","✅【商品詳細】六漢生姜湯（ろっかんしょうがゆ）には、6つの和漢食材(生姜、ナツメ、桂皮、甘草、本葛、カリン)を配合しました。 ショウガオールたっぷりの蒸し生姜や、喉にも良いとされる大根、温め効果の高い桂皮(シナモン)はベトナム桂皮を使用。ほのかなシナモン香る生姜湯です。フレンチトーストや、紅茶の砂糖の代わりに使えば、想像以上に美味しく頂けます。","✅【内容量】1袋（16g×48P入り） 大容量サイズ","✅【原材料名】ビートグラニュー糖（てん菜（北海道産））、澱粉、有機大根、生姜、ナツメ粉末、食塩、桂皮粉末、甘草粉末、本葛粉、カリン粉末","✅【原産国】日本","✅【保存方法/賞味期限につきまして】 直射日光、高温多湿を避けて保管してください。開封後は賞味期限に関わらずに冷暗所で保存し、お早めにお召し上がりください。 お手元に届く際の賞味期限は日々変動するために最大の賞味期限から短いもの（40日以上残っているもの）が到着します。 現時点での賞味期限の確認が必要な際は、ご注文前に必ずお問い合わせくださいませ。","✅【ご使用上の注意】 ※輸送時の破損や商品の状態には万全を期しておりますが、到着した商品にお気付きの点は購入店舗までまずはご連絡ください。 ※「リフココ」はライフアベイル株式会社の商標です。","","","","","101409","53912","99664","101622","101622","-52 %","-21 %","-88 %","-2 %","22552","222297","10","19","31","31","食品・飲料・お酒","grocery_display_on_website","# 36 | Top 4% | 生姜","30","-15 %","4.5","2","2","2","2","2","","","","","1","2026/02/03 20:56","2026/02/23 19:32","2026/02/03 22:52","3,240","","3,180","3,185","3,197","3,197","0 %","0 %","-2 %","-2 %","2,998","3,240","","42 %","在庫あり。","-","","【公式】リフココ ～食と暮らしを楽しく～（インボイス制度対応店） (99%) / A18COIYGTMT3AC","","0 %","0 %","0 %","0 %","100 %","58 %","58 %","58 %","1","1","1","1","yes","no","-","","no","no","no","yes","1","0","0","0","0","0","0","0","","","","","","","","","","","","","100 %","1","1","Amazonオファーが存在しない","","3,240","3,180","3,185","3,197","3,197","0 %","0 %","-2 %","-2 %","2,998","3,240","42 %","","3,240","3,193","3,187","3,187","","","","","3,078","3,240","-","318","324","","","","","","","","","","","","-","","","","","","","","","","","","","","","","","","","","","","","","","no","","","","","","","","","","","","","100 %","","","","","","","","","","","","","","","","","","","","","","","","","","","","","","","","","","","","","","","","","","","","","","","","","","","","","","","","","","","","","","","","","","","","","","","","","","","","","","","","","","","","","","","","no","no","","","","","","","","","","","","","","","","","","","","","","","","","","","","","","","","","","","1","1","1","1","1","1","0 %","0 %","0 %","0 %","","","","","","","","","","","","","","","","","","","","","","","","","","","","2025/09/23","2025/09/12","https://www.amazon.co.jp/dp/B0FQV5847X?psc=1","https://keepa.com/#!product/5-B0FQV5847X","食品・飲料・お酒","生姜, 野菜, 定期おトク便　OLS Browse Test, あわせ買い, 食品, 食品・飲料・お酒のみ, 8Test1, 薬味・ハーブ, 食品ストア, 生姜, 生姜, 生鮮食品, 野菜, 野菜, 薬味・ハーブ, 生鮮食品, 薬味・ハーブ, 生鮮食品","食品・飲料・お酒 › 野菜 › 薬味・ハーブ › 生姜","Grocery","grocery_display_on_website","B0FQV5847X","4570139879762","","","4570139879762","B0FQV1YXJJ","2","B0FQV1NR77","FOOD","イトク食品","リフココ","リフココ","リフココ【食と暮らしを楽しく】","https://www.amazon.co.jp/stores/リフココ【食と暮らしを楽しく】/page/97EEEE64-AB23-45E1-A6BF-5907BD028C14","","Size: 単品;","","単品","","","","","","48","","","","","0","no","","","no","no","","2467","31.7","25.1","3.1","860","","","","","","","","no","no","no","no","no","","","no","-","","","no","no","no","no","no","no","no","no","no","no","no","no","no","no","no","no","no","no","no","no","no","no","no","no","no","no","no","no","no","no","no","no","no","no","no","no","no","no","no","no","10 %"
"","","","","","1","個","","粉末","","","","","","","","","","粗糖、生姜、馬鈴薯澱粉、本くず、黒糖、はちみつ、節レンコン粉末","","はちみつ、しょうが","はちみつは満１歳未満の乳児には食べさせないでください","no","no","","-2,481","-19 %","12751","¥ 0","0 %","2,760","-","-","68","8","8","61","","","","¥ 0","0 %","2,160","","","","","","","","","","","","","","","","","","","","","","","","","","","","","","","","","","","","","","","","","","","","","","","","","","co.jp","https://m.media-amazon.com/images/I/416dO3dRs7L.jpg;https://m.media-amazon.com/images/I/51k7MV9Uk-L.jpg;https://m.media-amazon.com/images/I/51sbAAuR-OL.jpg;https://m.media-amazon.com/images/I/511lfHzYgmL.jpg;https://m.media-amazon.com/images/I/51Ui6+sWWkL.jpg;https://m.media-amazon.com/images/I/41mPCC9u+EL.jpg;https://m.media-amazon.com/images/I/41mhFXnQxqL.jpg;https://m.media-amazon.com/images/I/51CBUmKKJQL.jpg","","8","山田養蜂場 はちみつしょうが湯 20gX15包 [高知県産しょうが 冷え ぽかぽか習慣 はちみつ 蜂蜜 生姜 しょうが ドリンク 顆粒 持ち運び可能 黒砂糖 アカシア蜂蜜 大しょうが ]","","","💡[ さっと溶けて便利な顆粒タイプ]　忙しい日々の合間に、お湯で溶くだけで飲める！ 持ち運びが便利な顆粒タイプなので、外出先で手軽に飲めます。","💡[ はちみつしょうが湯 ※の特選素材]　はちみつしょうが湯 は高知県産大 しょうが を丸ごとすりおろし、ルーマニア産アカシア蜂蜜や沖縄産の黒砂糖などと合わせました。他にも＜ 本くず ・ 粗糖・ 節レンコン粉末 ＞を配合。はちみつ が入っているので、しょうが 独特の辛味が苦手な方もお試しください！ ※ はちみつ は満１歳未満の乳児には食べさせないでください","💡[職人の経験と勘が生む「火香(ひが)」の美味しさ]　素材の美味しさを活かすために、昔ながらの直火釜でじっくり炊き上げる製法で作っています。直火釜で炊くことで原料が均一になり、「火香※」がついて風味がよく、おいしくなります。清涼感のある香りと、ピリッとした辛み、粗糖や はちみつ のやわらかい甘みでリラックスにも。 はちみつ しょうが の香りをご堪能ください！ ※火の香り","💡「 はちみつしょうが湯 の特長成分」　はちみつしょうが湯に配合されている しょうが の辛み成分「ジンゲロール」と「ショウガオール」は身体を芯からサポートします。日本では昔から しょうが湯 や しょうが 酒として飲まれていました。","💡[ こんなお悩みありませんか？]　「 しょうが が体にいいのは知っているけど、 しょうが の味が苦手で飲めない」「 しょうが湯 を手軽に飲みたい」「毎年、冬に体調を崩しやすい」このようなお悩みを解決することを はちみつしょうが湯 はサポートします。","💡[嬉しいお声をたくさんいただきました]　「体全体が温まって、リラックスできます」「家族全員で飲んでいるお気に入りの しょうが湯 です」「優しい甘さでちょうどよく、飲みやすいです」などのお声をいただいています。あなたの健康をサポートする はちみつしょうが湯 をぜひお試しください！","賞味期限　 １年半","＜栄養成分（1gあたり）＞　エネルギー　3.9kcal　タンパク質　0g　脂質　0g　炭水化物　0.95g　ナトリウム　0.025mg　食塩相当量　0.0005g","","","15232","16531","16469","32243","45042","17 %","30 %","8 %","8 %","6183","122886","13","37","76","145","食品・飲料・お酒","grocery_display_on_website","# 295 | Top 1.08% | 健康食品; # 36 | Top 1.04% | シロップ","100","0 %","3.9","65","63","60","58","56","","","","","-","2026/02/03 20:08","2026/02/23 20:16","2026/02/07 11:56","2,760","600","2,760","2,760","2,744","2,752","0 %","0 %","0 %","0 %","1,480","2,760","","1 %","在庫あり。","-","","山田養蜂場 公式ショップ（大雪の影響により、一部地域で商品のお届けに遅れが生じております） (96%) / A1P72LR1QJ6DS6","JP","0 %","0 %","0 %","0 %","98 %","99 %","100 %","100 %","1","1","1","1","no","no","-","2741","no","no","no","no","0","1","0","0","0","0","0","0","","","","","","","","","","","","","100 %","1","1","Amazonオファーが存在しない","","2,160","2,160","2,160","2,160","2,160","0 %","0 %","0 %","0 %","1,480","2,160","0 %","","","","","","","","","","2,300","2,450","-","465","276","","2,760","2,760","2,760","2,760","","","","","2,328","2,760","-","","","","","","","","","","","","","","","","","","","","","","","","","no","","","","","","","","","","","","","100 %","","","","","","","","","","","","","","","","","","","","","","","","","","","","","","","","","","","","","","","","","","","","","","","","","","","","","","","","","","","","","","","","","","","","","","","","","","","","","","","","","","","","","","","1,728","no","no","1,728","","","","","","","","","","","","","","","","","","","","","","","","","","","","","","","","","","1","1","1","1","1","1","0 %","0 %","0 %","0 %","","","","","","","","","","","","","","","","","","","","","","","","","","","","2016/05/13","2016/03/18","https://www.amazon.co.jp/dp/B01D4G24N2","https://keepa.com/#!product/5-B01D4G24N2","食品・飲料・お酒","健康食品, シロップ, ドリンク, コーヒー・紅茶・お茶・粉末ドリンク, 健康食品, 定期おトク便　OLS Browse Test, あわせ買い, 食品, 食品・飲料・お酒のみ, はちみつと酒, 酒のみ, はちみつのみ, ドリンク, 食品ストア, 加工食品, 飲料・酒, 飲料, 飲料","食品・飲料・お酒 › 健康食品","Grocery","grocery_display_on_website","B01D4G24N2","4930830657265","","","65726","","0","","FLAVORED_DRINK_CONCENTRATE","山田養蜂場","山田養蜂場","山田養蜂場","山田養蜂場","https://www.amazon.co.jp/stores/山田養蜂場/page/4532D763-5EF5-4988-9B46-A3A0BC614BDE","","","","20グラム (x 15)","","","","","","15","","","","","0","no","","","yes","no","[{""fromManufacturer"":false,""module"":[{""image"":[""https://m.media-amazon.com/images/S/aplus-media/sc/06a296be-ff48-4cfa-8b16-1a5591f53437.jpg""],""imageAltText"":[""とろりとした甘さの中に”ピリリ”ときいたしょうがの辛味""],""text"":[""便利な個包装タイプです。"",""便利な個包装タイプです。"",""15包たっぷり入っているのでご家族でのご利用もおすすめ！""]},{""image"":[""https://m.media-amazon.com/images/S/aplus-media/sc/b43f59be-2a0c-42bb-a464-fa9859d50aee.jpg""],""imageAltText"":[""直火釜で炊き上げたピリッとコクのあるしょうがの辛味とはちみつの甘味""],""text"":[""直火釜で炊き上げました。"",""高知県産大しょうがを皮ごとすりおろし、ルーマニア産アカシア蜂蜜や沖縄県産の黒砂糖などとあわせました。しょうがは漢方の7割に使用されている素材です。""]},{""image"":[""https://m.media-amazon.com/images/S/aplus-media/sc/2957870a-eb89-4492-a007-e7ba251b8aa0.jpg""],""imageAltText"":[""昔ながらの伝統の味。その美味しさの秘密。""],""text"":[""昔ながらの伝統の味！おいしさの秘密。"",""素材の美味しさを活かすために、昔ながらの直火釜でじっくり炊きあげる製法でつくっています。ペースト状にしたしょうがにその他の原料を合わせて、直火釜ですべて一度どろどろに煮つめ、さらに炊き上げて粉末にまで結晶化しています。一般的には粉末原料を合わせる製法が多いのですが、直火釜で炊くことで原料が均一になり、また「火香（ひが：火の香り）」がついて風味がよく、美味しくなります。""]},{""image"":[""https://m.media-amazon.com/images/S/aplus-media/sc/3b673d1b-8e67-440e-a447-6399f1a0af38.jpg""],""imageAltText"":[""全ロット検査""],""text"":[""全ロット検査済"",""厳しい検査項目を全て合格した 商品のみをお届けしています。""]},{""image"":[""https://m.media-amazon.com/images/S/aplus-media/sc/44373130-d184-4887-b713-8687c05432a2.jpg""],""imageAltText"":[""当社からお届けする荷物はすべて、アルコールで除菌消毒を行っております。""],""text"":[""アルコール除菌消毒済み"",""当社からお届けする荷物はすべて、アルコール除菌消毒を行っております。""]}]}]","1304","25.2","11.5","4.5","390","1","","","","","300","","no","no","no","no","no","","","no","-","","","no","no","no","yes","no","no","no","no","no","no","no","no","no","no","no","no","no","yes","no","no","no","no","no","yes","no","no","no","no","no","no","no","no","no","no","no","no","no","no","no","no","10 %"
"","","","","16","5","袋","","粉末","","","","","","","","","","粗糖(さとうきび(鹿児島県産))、三温糖、生姜、馬鈴薯澱粉、本葛粉、黒糖、節蓮根粉末","","","","no","no","","","","","¥ 100","7 %","1,480","-","49","33","8","8","4","","","","¥ 0","0 %","1,380","","","","","","","","","","","","","","","","","","","","","","","","","","","","","","","","","","","","","","","","","","","","","","","","","","co.jp","https://m.media-amazon.com/images/I/618uirBLQLL.jpg;https://m.media-amazon.com/images/I/61b2QkBplmL.jpg;https://m.media-amazon.com/images/I/61FkrWBxefL.jpg;https://m.media-amazon.com/images/I/61qTGC3pHPL.jpg;https://m.media-amazon.com/images/I/61Xv4txIRZL.jpg;https://m.media-amazon.com/images/I/61B5QDmrKpL.jpg","","6","直火釜炊き しょうが湯 (20g×5包)×3袋セット 国産生姜 皮ごと使用 本葛 節蓮根入り 粉末 生姜湯 ノンカフェイン 温活","","","【芯からポカポカ温活習慣】 国産生姜を栄養豊富な「皮ごと丸ごと」すりおろして使用。加熱・乾燥によって生まれる成分「ショウガオール」が、寒い季節や冷房で冷えた体を芯から温めます。","【職人技の直火釜炊き製法】 昔ながらの直火釜でじっくり時間をかけて炊き上げました。「火香（ひが）」と呼ばれる香ばしいコクと、黒糖の優しい甘さが特徴の、奥深い味わいです。","【こだわりの国産原料とノンカフェイン】 生姜だけでなく、黒糖（鹿児島・沖縄産）、本葛、節蓮根粉末など厳選した国産素材を使用。カフェインゼロなので、おやすみ前や妊娠・授乳中の方にも安心してお召し上がりいただけます。","【商品仕様】 セット内容：(20g×5包) ×3個セット 原材料名：粗糖、三温糖、生姜、馬鈴薯澱粉、本葛、黒糖、節蓮根粉末 アレルギー物質(28品目)：無 栄養成分表示(1袋20gあたり)：エネルギー78kcal、たんぱく質0.1g、脂質0.0g、炭水化物19.5g、食塩相当量0.0g","","","","","","","60298","91237","121675","121675","121675","18 %","24 %","34 %","50 %","31984","254541","12","17","17","17","食品・飲料・お酒","grocery_display_on_website","# 1,183 | Top 8% | ハーブティー","","","","","","","","","","","","","-","2026/02/04 09:12","2026/02/23 19:32","2026/01/30 18:32","1,380","","1,380","1,418","1,418","1,418","0 %","0 %","0 %","3 %","1,380","1,480","16","20 %","残り7点 ご注文はお早めに","-","","ストーンベル (93%) / ABPJHYFDTQFGM","JP","0 %","0 %","0 %","0 %","96 %","81 %","81 %","81 %","1","1","1","1","no","no","-","","no","no","no","no","0","1","0","0","0","0","0","0","","","","","","","","","","","","","100 %","1","1","Amazonオファーが存在しない","","1,380","1,380","1,403","1,403","1,403","0 %","0 %","0 %","2 %","1,380","1,480","18 %","","","","","","","","","","","","-","-","-","","1,380","1,418","1,418","1,418","","","","","1,380","1,480","-","","","","","","","","","","","","","","","","","","","","","","","","","no","","","","","","","","","","","","","100 %","","","","","","","","","","","","","","","","","","","","","","","","","","","","","","","","","","","","","","","","","","","","","","","","","","","","","","","","","","","","","","","","","","","","","","","","","","","","","","","","","","","","","","","","no","no","","","","","","","","","","","","","","","","","","","","","","","","","","","","","","","","","","","1","1","1","1","1","1","0 %","0 %","0 %","0 %","","","","","","","","","","","","","","","","","","","","","","","","","","","","2025/11/26","2025/10/09","https://www.amazon.co.jp/dp/B0G42BRTCY","https://keepa.com/#!product/5-B0G42BRTCY","食品・飲料・お酒","ハーブティー, ドリンク, コーヒー・紅茶・お茶・粉末ドリンク, 定期おトク便　OLS Browse Test, あわせ買い, 食品, 食品・飲料・お酒のみ, ドリンク, 食品ストア, 加工食品, 飲料・酒, 飲料, 飲料","食品・飲料・お酒 › コーヒー・紅茶・お茶・粉末ドリンク › 茶葉・粉末ティー › フルーツ・ハーブティー › ハーブティー","Grocery","grocery_display_on_website","B0G42BRTCY","","","","non","","0","","FOOD","マルシマ","ノーブランド品","","","","","","","","","","","","","3","","","","","0","no","","","yes","no","[{""fromManufacturer"":false,""module"":[{""image"":[""https://m.media-amazon.com/images/S/aplus-media-library-service-media/1e56e596-302c-4f87-85f0-109f3a1f65d3.png"",""https://m.media-amazon.com/images/S/aplus-media-library-service-media/d17e6d09-ea17-4824-b30b-e2702260b97c.png"",""https://m.media-amazon.com/images/S/aplus-media-library-service-media/b3788900-fb8c-4615-9195-1cb7389d567b.png""],""imageAltText"":[""hongare1"",""hongare2"",""hongare3""]},{""image"":[""https://m.media-amazon.com/images/S/aplus-media-library-service-media/06ceed89-2a40-4bd6-b6ae-f67bced334e3.png"",""https://m.media-amazon.com/images/S/aplus-media-library-service-media/77df5875-238f-4eee-9943-b46a2ab5dbfc.png"",""https://m.media-amazon.com/images/S/aplus-media-library-service-media/066ac6c1-da6a-4416-99b0-a8942ec2044c.png""],""imageAltText"":[""じかび"",""じかび"",""じかび""]},{""text"":[""国産生姜を皮ごと丸ごと使用。「直火釜炊き」のコクと香りが染み渡る、こだわりのしょうが湯です。"",""寒がりの方、冷房の冷えが気になる方に。 マルシマの「直火釜炊きしょうが湯」は、美味しく手軽に「温活」ができる、体に優しいドリンクです。 お得な3個セットでお届けします。"",""◆美味しさの秘密は「直火釜炊き」 昔ながらの直火釜を使い、職人が手間ひまかけてじっくり炊き上げました。これにより生まれる「火香（ひが）」と呼ばれる香ばしいコクは、他では味わえない奥深さです。"",""◆国産素材へのこだわり"",""国産生姜（皮ごと使用）： 生姜の有効成分が多く含まれる皮と実の境目を余すことなく活かすため、皮ごとすりおろしています。"",""国産さとうきび・黒糖： 鹿児島県・沖縄県産のさとうきび100%の黒糖を使用し、深みのある甘さを引き出しました。"",""国産本葛： 古来より体を温めるとされる希少な国産本葛を使用し、とろみをつけました。"",""山口県産 節蓮根： 喉にやさしい節蓮根の粉末を加えています。""]}]}]","","","","","","","","","","","","","no","no","no","no","no","","","no","-","","","no","no","no","yes","no","no","no","no","no","no","no","no","no","no","no","no","no","yes","no","no","no","no","no","yes","no","no","no","no","no","no","no","no","no","no","no","no","no","no","no","no",""
"","","","","","1","個","","粉末","","","","","","","","強いジンジャー風味、国内原料を使用、簡単な飲み方","","ビートグラニュー糖、澱粉、生姜、加工黒糖、本葛粉、黒酢、寒梅粉、蜂蜜","","ジンジャー","●熱湯によるやけどにご注意ください。 ●開封後はお早めにお召し上がりください。","no","no","","-36,877","-99 %","26552","¥ -133","-21 %","628","-","70","154","8","61","65","","","","¥ -753","-99 %","8","","","","","","","","","","","","","","","","","","","","","","","","","","","","","","","","","","","","","","","","","","","","","","","","","","co.jp","https://m.media-amazon.com/images/I/51Vp-X5UucL.jpg","","1","イトク食品 蒸し生姜湯 五袋入","イトク食品 蒸し生姜湯 五袋入","商品紹介

生のすりおろしショウガと蒸しショウガをダブルで使用した粉末飲料です。 製法にこだわり、仕上げにじっくりと直火乾燥させることで、生姜本来の風味とコクが楽しめます。 すべて国産原料、生姜は高知県産を使用しました。

原材料・成分

ビートグラニュー糖、澱粉、生姜、加工黒糖、本葛粉、黒酢、寒梅粉、蜂蜜

使用方法

常温のお湯に、粉末を入れてかき混ぜてください。

安全警告

●熱湯によるやけどにご注意ください。 ●開封後はお早めにお召し上がりください。","常温","ブラント名: イトク食品","メーカー名: イトク食品","商品の重量: 80 g","","","","","","","63429","73437","54048","49429","37111","19 %","16 %","14 %","-17 %","4683","234836","9","34","75","239","食品・飲料・お酒","grocery_display_on_website","# 4,795 | Top 5% | お茶","10","74 %","4.6","35","35","33","31","24","","","","","14","2026/02/04 17:12","2026/02/23 20:08","2026/02/12 08:12","761","","761","705","660","510","0 %","0 %","0 %","-8 %","378","1,674","","2 %","通常4～5日以内に発送します。","-","","18k 通販 (68%) / A1RMMWYC7YDWR1","JP","0 %","0 %","3 %","52 %","39 %","33 %","29 %","52 %","3","4","8","8","no","no","-","","no","yes","no","no","0","5","0","0","0","0","0","0","","","378","378","378","","","","","378","380","","100 %","1","2","Amazonオファーが存在しない","","761","488","168","134","68","0 %","0 %","-56 %","-353 %","1","1,200","0 %","","","","378","378","","","","","378","800","-","389","61","","761","695","651","625","","","","","524","1,672","-","","","","","","","","","","","","","","","","","","","","","","","","","no","","","","","","","","","","","","","100 %","","","","","","","","","","","","","","","","","","","","","","","","","","","","","","","","","","","","","","","","","","","","","","","","","","","","","","","","","","","","","","","","","","","","","","","","","","","","","","","","","","","","","","","350","no","no","378","","","","","","","","","","","","","","","","","","","","","","","","","","","","","","","","","","5","5","5","6","9","10","0 %","0 %","0 %","17 %","","","","","","","","","","","","","","","","","","","","","","","","","","","","2017/11/18","2017/09/26","https://www.amazon.co.jp/dp/B075XF4MMW?psc=1","https://keepa.com/#!product/5-B075XF4MMW","食品・飲料・お酒","茶葉・粉末ティー, ドリンク, コーヒー・紅茶・お茶・粉末ドリンク, 定期おトク便　OLS Browse Test, あわせ買い, 食品・飲料・お酒のみ, ドリンク, 食品ストア, 加工食品, 飲料・酒, 飲料, 飲料, 平均星4以上の高評価のコーヒー・お茶","食品・飲料・お酒 › コーヒー・紅茶・お茶・粉末ドリンク › 茶葉・粉末ティー","Grocery","grocery_display_on_website","B075XF4MMW","4970107110147","","","0","B0G63SCQJB","2","","TEA","イトク食品","イトク食品","","","","","Size: Pack of 1;","","Pack of 1","","","","","食品&飲料","1","","","2022-08-29","","0","no","","","no","no","","844","17.6","12.3","3.9","90","1","","","","","80","","no","no","no","no","no","","","no","-","","","no","no","no","no","no","no","no","no","no","no","no","no","no","no","no","no","no","no","no","no","no","no","no","no","no","no","no","no","no","no","no","no","no","no","no","no","no","no","no","no","8.02 %"
"","","","","","1","個","","パウダー","","","","","","","","","","ビートグラニュー糖（てん菜（北海道産））、澱粉、生姜、加工黒糖、本葛粉、黒酢、寒梅粉、蜂蜜","","","","no","no","","35,898","65 %","55545","","","","43","31","14","18","12","6","","","","","","","","","","","","","","","","","","","","","","","","","","","","","","","","","","","","","","","","","","","","","","","","","","","","","","","","co.jp","https://m.media-amazon.com/images/I/51Ba2ijoZAL.jpg;https://m.media-amazon.com/images/I/51P8pKX2TZL.jpg;https://m.media-amazon.com/images/I/51PuzhqsUkL.jpg;https://m.media-amazon.com/images/I/51rypwQRQ2L.jpg;https://m.media-amazon.com/images/I/511Y4eIG6DL.jpg;https://m.media-amazon.com/images/I/51ypr+ogLHL.jpg","","6","イトク食品 国産 蒸し生姜湯 1袋（16g×10P入り）お試しサイズ 生姜丸ごと荒おろし リフココオリジナルチャック付き袋入り","イトク食品 国産 蒸し生姜湯 1袋（16g×48P入り）大容量サイズ 生姜丸ごと荒おろし","商品の説明

●味も効能も違う「生」と「蒸し」の生姜を組み合わせ、生姜の存在感を出した生姜湯です。

●生姜を丸ごと粗おろしにした「生ショウガ」と、蒸して長時間かけて低温乾燥した「蒸し生姜」の2種類を使用しています。

●直火でじっくり焼き上げ乾燥して生姜本来の豊かな風味とコクを引き出しました。

●高知県産生姜を使用。その他原料もすべて国産です。

●国産生姜4577mg(生換算・1袋(16g)あたり)配合。

【原材料】
ビートグラニュー糖（てん菜（北海道産））、澱粉、生姜、加工黒糖、本葛粉、黒酢、寒梅粉、蜂蜜

【保存方法】
直射日光を避けて、常温で保存して下さい。

【原産国】
日本


原材料・成分

ビートグラニュー糖（てん菜（北海道産））、澱粉、生姜、加工黒糖、本葛粉、黒酢、寒梅粉、蜂蜜","✅【商品詳細】●味も効能も違う「生」と「蒸し」の生姜を組み合わせ、生姜の存在感を出した生姜湯です。 ●生姜を丸ごと粗おろしにした「生ショウガ」と、蒸して長時間かけて低温乾燥した「蒸し生姜」の2種類を使用しています。●直火でじっくり焼き上げ乾燥して生姜本来の豊かな風味とコクを引き出しました。 ●高知県産生姜を使用。その他原料もすべて国産です。●国産生姜4577mg(生換算・1袋(16g)あたり)配合。","【内容量】1袋（16g×10P入り）お試しサイズ リフココオリジナルチャック付き袋入り","【原材料】ビートグラニュー糖（てん菜（北海道産））、澱粉、生姜、加工黒糖、本葛粉、黒酢、寒梅粉、蜂蜜","【原産国】日本","✅【保存方法/賞味期限につきまして】 直射日光、高温多湿を避けて保管してください。開封後は賞味期限に関わらずに冷暗所で保存し、お早めにお召し上がりください。 お手元に届く際の賞味期限は日々変動するために最大の賞味期限から短いもの（40日以上残っているもの）が到着します。 現時点での賞味期限の確認が必要な際は、ご注文前に必ずお問い合わせくださいませ。","✅【ご使用上の注意】 ※輸送時の破損や商品の状態には万全を期しておりますが、到着した商品にお気付きの点は購入店舗までまずはご連絡ください。 ※「リフココ」はライフアベイル株式会社の商標です。","","","","","19647","20412","57992","56654","56654","0 %","24 %","4 %","66 %","9321","165905","14","22","22","22","食品・飲料・お酒","grocery_display_on_website","# 695 | Top 1.97% | ハーブティー","30","-50 %","4.2","9","8","7","7","7","0 %","-12 %","-12 %","-29 %","-","2026/02/14 21:56","2026/02/23 20:16","2026/02/22 01:44","1,000","","976","984","984","984","0 %","0 %","-2 %","-2 %","900","1,000","","54 %","在庫あり。","1,000","WAS_PRICE","【公式】リフココ ～食と暮らしを楽しく～（インボイス制度対応店） (99%) / A18COIYGTMT3AC","","0 %","0 %","0 %","0 %","93 %","58 %","58 %","58 %","1","1","1","1","yes","no","-","","no","no","no","yes","1","1","0","0","0","0","0","0","","","","","","","","","","","","","100 %","1","1","Amazonオファーが存在しない","","1,000","978","985","985","985","0 %","0 %","-2 %","-2 %","900","1,000","52 %","1,000","951","969","969","969","0 %","0 %","-5 %","-3 %","900","1,000","【公式】リフココ ～食と暮らしを楽しく～（インボイス制度対応店） (99%) / A18COIYGTMT3AC","222","80","1,000","1,000","1,000","1,000","1,000","0 %","0 %","0 %","0 %","1,000","1,000","【公式】リフココ ～食と暮らしを楽しく～（インボイス制度対応店） (99%) / A18COIYGTMT3AC","","","","","","","","","","","","","","","","","","","","","","","","","no","","","","","","","","","","","","","100 %","","","","","","","","","","","","","","","","","","","","","","","","","","","","","","","","","","","","","","","","","","","","","","","","","","","","","","","","","","","","","","","","","","","","","","","","","","","","","","","","","","","","","","","","no","no","","","","","","","","","","","","","","","","","","","","","","","","","","","","","","","","","","","2","2","2","1","1","1","0 %","0 %","0 %","-100 %","","","","","","","","","","","","","","","","","","","","","","","","","","","","2025/11/21","2022/10/31","https://www.amazon.co.jp/dp/B0G386KJJV?psc=1","https://keepa.com/#!product/5-B0G386KJJV","食品・飲料・お酒","ハーブティー, ドリンク, コーヒー・紅茶・お茶・粉末ドリンク, 定期おトク便　OLS Browse Test, あわせ買い, 食品, 食品・飲料・お酒のみ, はちみつのみ, ドリンク, 食品ストア, 加工食品, 飲料・酒, 飲料, 飲料","食品・飲料・お酒 › コーヒー・紅茶・お茶・粉末ドリンク › 茶葉・粉末ティー › フルーツ・ハーブティー › ハーブティー","Grocery","grocery_display_on_website","B0G386KJJV","4580865171702","","","4573115289258","B0FQTHF9Q9","3","","FOOD","リフココ","リフココ","リフココ","リフココ【食と暮らしを楽しく】","https://www.amazon.co.jp/stores/リフココ【食と暮らしを楽しく】/page/97EEEE64-AB23-45E1-A6BF-5907BD028C14","","Size: 10P入り お試しサイズ;","","10P入り お試しサイズ","","","","","","10","","","","","0","no","","","no","no","","541","19.9","16","1.7","170","","","","","","","","no","no","no","no","no","","","yes","-","","","no","no","no","no","no","no","no","no","no","no","no","no","no","no","no","no","yes","yes","no","no","no","no","no","no","no","no","no","no","no","no","no","no","no","no","no","no","no","no","no","no","8 %"
"","","","","42","10","袋","","粉末","","","","","","","","冷え対策","","","","ビートグラニュー糖、澱粉、生姜、加工黒糖、本葛粉、黒酢、寒梅粉、蜂蜜","注意: 直射日光、高温多湿を避けて保存してください。","no","no","","-34,432","-24 %","143340","","","4,403","-","203","459","5","7","30","","","","¥ 0","0 %","3,605","","","","¥ 0","0 %","4,403","","","","","","","","","","","","","","","","","","","","","","","","","","","","","","","","","","","","","","","","","","","","co.jp","https://m.media-amazon.com/images/I/51dtLqnTF2L.jpg;https://m.media-amazon.com/images/I/51XwVOfcQEL.jpg;https://m.media-amazon.com/images/I/31k7XExgr3L.jpg;https://m.media-amazon.com/images/I/31KbnWwh82L.jpg;https://m.media-amazon.com/images/I/51pkplz7jCL.jpg;https://m.media-amazon.com/images/I/51U1V96dzcL.jpg;https://m.media-amazon.com/images/I/51NUAf+eOWL.jpg","","7","イトク食品 蒸し生姜湯 80g ×10袋","","商品紹介

生姜を蒸すことで、生ショウガの33倍にショウガオールがアップした蒸し生姜と、生のすりおろしショウガをダブルで使用。飲んで効果がわかる商品となっています。国産生姜を4577mg配合（生換算・1袋（16g）あたり）、国産原料100％。直火乾燥で味に風味とコクを出しています。


使用方法

お湯を沸騰させ、ティーバッグを5〜7分間浸します。

安全警告

注意: 直射日光、高温多湿を避けて保存してください。","原材料:ビートグラニュー糖、澱粉、生姜、加工黒糖、本葛粉、黒酢、寒梅粉、蜂蜜","カロリー:63kcal","商品サイズ(高さx奥行x幅):7.5cm×22.5cm×39cm","","","","","","","","177772","154727","128276","106514","79852","0 %","0 %","-15 %","-39 %","12346","179046","2","13","48","180","食品・飲料・お酒","grocery_display_on_website","# 412 | Top 11% | シロップ","","99 %","3.9","34","34","33","33","33","0 %","0 %","0 %","-3 %","-","2026/02/23 17:26","2026/02/23 19:32","2026/02/23 17:26","","","","4,356","3,862","3,460","","","","","2,765","5,200","","51 %","","-","","-","","0 %","0 %","0 %","34 %","0 %","17 %","15 %","34 %","0","5","9","12","no","yes","4,217","4217","no","no","no","no","0","4","0","0","0","0","0","0","","","","3,704","3,317","","","","","2,815","3,855","","100 %","1","1","Amazonオファーが存在しない","","3,605","3,605","3,602","3,513","3,321","0 %","0 %","0 %","0 %","2,200","3,800","1 %","","","","3,496","3,215","","","","","2,765","3,583","-","514","-","4,403","4,403","4,379","4,024","3,590","0 %","0 %","0 %","-1 %","2,922","5,180","18k 通販 (68%) / A1RMMWYC7YDWR1; メキキング (72%) / A27R7YKQOWDBIH; メンコスジャパン (75%) / AR4RJN61EYKVX; お買い物だねっと！ (88%) / A2OC76CXM0G0YV","","","","","","","","","","","","","","","","","","","","","","","","","no","","","","","","","","","","","","","100 %","","","","","","","","","","","","","","","","","","","","","","","","","","","","","","","","","","","","","","","","","","","","","","","","","","","","","","","","","","","","","","","","","","","","","","","","","","","","","","","","","","3,240","","","","","3,000","no","no","3,240","","","","","","","","","","","","","","","","","","","","","","","","","","","","","","","","","","4","4","4","4","6","8","0 %","0 %","0 %","0 %","","","","","","","","","","","","","","","","","","","","","","","","","","","","2019/08/16","2017/12/04","https://www.amazon.co.jp/dp/B07N6FQVL3","https://keepa.com/#!product/5-B07N6FQVL3","食品・飲料・お酒","シロップ, SnS May Promo Code Campaign Grocery, ドリンク, コーヒー・紅茶・お茶・粉末ドリンク, 定期おトク便　OLS Browse Test, あわせ買い, 食品・飲料・お酒のみ, Grocery 400 pt eligible, はちみつのみ, ドリンク, 食品ストア, 加工食品, 飲料・酒, 飲料, 飲料","食品・飲料・お酒 › コーヒー・紅茶・お茶・粉末ドリンク › 飲料シロップ・濃縮液 › シロップ","Grocery","grocery_display_on_website","B07N6FQVL3","4970107110147","","","","","0","","TEA","イトク食品","イトク食品","","","","","","","80グラム (x 10)","","","","","","10","","","","","0","no","","","no","no","","7482","39.5","23.1","8.2","1140","10","","","","","80","","no","no","no","no","no","","","no","-","","","no","no","no","no","no","no","no","no","no","no","no","no","no","no","no","no","no","no","no","no","no","no","no","no","no","no","no","no","no","no","no","no","no","no","no","no","no","no","no","no","10.01 %"
"","","","","7","10","袋","","粉末","","","","","","","","","","ビートグラニュー糖、澱粉、生姜、加工黒糖、本葛粉、黒酢、寒梅粉、蜂蜜","","","","no","no","","-116,704","-89 %","131020","","","","72","50","22","8","7","3","","","","","","","","","","","","","","","","","","","","","","","","","","","","","","","","","","","","","","","","","","","","","","","","","","","","","","","","co.jp","https://m.media-amazon.com/images/I/51gUPnEDeFL.jpg;https://m.media-amazon.com/images/I/6128WtUf6fL.jpg;https://m.media-amazon.com/images/I/41xHZ3FDYJL.jpg","","3","イトク食品 蒸し生姜湯 64g(16g×4袋) 10袋セット 超温感 生姜丸ごと ショウガオール 国産原料","","商品の説明

国産生姜を丸ごと荒おろし！
「生」と「蒸し」生姜の最強タッグ

原料すべてを国産にこだわり、生姜を丸ごと粗おろしにした「生ショウガ」と、蒸して長時間かけて低温乾燥した「蒸し生姜」の2種類を使用したしょうがゆです。
味も効能も違う「生」と「蒸し」の生姜を組み合わせ、生姜の存在感を出しました。直火乾燥で、風味やコクをさらにプラス。

■蒸し生姜の効能 ～冷え性を改善！～
乾姜（カンキョウ）とも呼ばれる蒸し生姜。体を内側から温める効果が高く、代謝アップ、冷えの改善に高い効果を発揮するショウガオールが、生の生姜の約33倍も含まれます。ショウガオールは加熱することで、ジンゲロールがショウガオールへ変化し、冷え性改善に役立つ温め成分をいっぱい含んだ『蒸し生姜』へと変身します。
成分が凝縮されているので少量でも効果を発揮し、手軽に摂り続けられます。お湯に溶かして飲む「生姜湯」はまさに飲む体温革命です。

体を冷やす性質がある上白糖ではなく、体を温めるビートグラニュー糖（砂糖大根）を使用しています。

ホットミルク（牛乳）に入れて、チャイ風に。
紅茶に入れて、ジンジャーティーに。
寒い季節はもちろん、冷房の効きすぎで冷えが気になるときのお飲み物としてもオススメです。
夏季には熱湯でといた後、冷やしても美味しくお召し上がりいただけます。
自宅はもちろん、オフィスなどの外出先でホッと一息入れたいときにも。個装タイプなので、持ち運びにも便利です。

飲むだけではなく、お料理にも。
豚肉を焼き、みりん、醤油、蒸し生姜湯を全体によく絡めて、生姜焼きもお手軽カンタン。



原材料・成分

ビートグラニュー糖、澱粉、生姜、加工黒糖、本葛粉、黒酢、寒梅粉、蜂蜜","内容量：合計10袋　640g(16g×4袋×10)","国産生姜を丸ごと荒おろし！ 「生」と「蒸し」生姜の最強タッグ","紅茶に入れて、ジンジャーティーに。","飲むだけではなく、お料理にも。","豚肉を焼き、みりん、醤油、蒸し生姜湯を全体によく絡めて、生姜焼きもお手軽カンタン。","","","","","","247724","179101","156788","156788","156788","-5 %","-18 %","-38 %","-58 %","71440","247724","2","6","6","6","食品・飲料・お酒","grocery_display_on_website","# 291 | Top 14% | しょうが調味料","","","","","","","","","","","","","-","2026/02/23 17:28","2026/02/23 19:32","2026/01/28 07:56","3,480","","3,507","3,496","3,496","3,496","0 %","0 %","1 %","0 %","3,480","3,700","7","36 %","通常2～3日以内に発送します。","-","","グラニーレ (96%) / A1EQKMLBNQ91IT","JP","0 %","0 %","0 %","0 %","85 %","60 %","60 %","60 %","2","2","2","2","no","no","-","","no","yes","no","no","0","1","0","0","0","0","0","0","","","","","","","","","","","","","100 %","1","1","Amazonオファーが存在しない","","3,445","3,480","3,480","3,480","3,480","1 %","1 %","1 %","1 %","3,445","3,480","30 %","","","","","","","","","","","","-","-","-","","3,480","3,480","3,480","3,480","","","","","3,480","3,480","-","","","","","","","","","","","","","","","","","","","","","","","","","no","","","","","","","","","","","","","100 %","","","","","","","","","","","","","","","","","","","","","","","","","","","","","","","","","","","","","","","","","","","","","","","","","","","","","","","","","","","","","","","","","","","","","","","","","","","","","","","","","","","","","","","","no","no","","","","","","","","","","","","","","","","","","","","","","","","","","","","","","","","","","","1","1","2","2","2","2","50 %","50 %","50 %","50 %","","","","","","","","","","","","","","","","","","","","","","","","","","","","2025/12/10","2023/12/12","https://www.amazon.co.jp/dp/B0G5DCDRBH","https://keepa.com/#!product/5-B0G5DCDRBH","食品・飲料・お酒","しょうが調味料, 調味料・食用油・ドレッシング, 定期おトク便　OLS Browse Test, あわせ買い, 食品, 食品・飲料・お酒のみ, 食品ストア, たれ・料理ソース, 調味料, 洋風調味料, 加工食品, 加工食品, 調味料, 加工食品・冷凍食品, 調味料, 調味料","食品・飲料・お酒 › 調味料・食用油・ドレッシング › 香辛料・スパイス › しょうが調味料","Grocery","grocery_display_on_website","B0G5DCDRBH","4970107110284","","","itoku-003-10","","0","","TEA","イトク食品株式会社","イトク食品","","","","","","","","","","","","","10","","","","","0","no","","","no","no","","","","","","","2","","","","","","","no","no","no","no","no","","","no","-","","","no","no","yes","yes","no","no","no","no","no","no","no","no","no","no","no","no","no","yes","no","no","no","no","no","yes","no","no","no","no","no","no","no","no","no","no","no","no","no","no","no","no",""
"","","","","","2","袋","","ドライ","","","","","","","","","","甜菜糖（北海道産） 澱粉 生姜（国産） 加工黒糖 本葛粉 黒糖 寒梅粉 辛姜粉","","","","no","no","","","","","","","","-","-","-","","","","","","","","","","","","","","","","","","","","","","","","","","","","","","","","","","","","","","","","","","","","","","","","","","","","","","","","","","","co.jp","https://m.media-amazon.com/images/I/51+MYK5ccuL.jpg;https://m.media-amazon.com/images/I/51Sg76SoLRL.jpg;https://m.media-amazon.com/images/I/51L7J6g8hKL.jpg;https://m.media-amazon.com/images/I/51NrjNuFNqL.jpg","","4","【超温感タイプ】蒸し生姜湯 国産原料100％ 使用｜超温感 生姜くず湯 16g×4×2セット","","","国産原料100％使用。生姜・砂糖・でん粉すべて国産原料のみを使用。","蒸し生姜を使用。生姜を蒸してから乾燥させ、風味を引き出しています。","超温感タイプ。とろみのあるくず湯で、飲みごたえのある仕上がり。","無添加設計。香料・甘味料・保存料不使用。","簡単調理。1袋をカップに入れ、熱湯を注いで混ぜるだけ。","","","","","","","","","","","","","","","","","0","0","0","0","","","","","","","","","","","","","","","","-","2026/02/11 18:24","2026/02/23 19:32","","1,840","","1,840","1,840","1,840","1,840","0 %","0 %","0 %","0 %","1,840","1,840","","0 %","残り4点 ご注文はお早めに","-","","SAWAオンラインショップ (86%) / A2A89TWU2V90XF","JP","0 %","0 %","0 %","0 %","100 %","100 %","100 %","100 %","1","1","1","1","no","no","-","","no","no","no","no","0","1","0","0","0","0","0","0","","","","","","","","","","","","","100 %","1","1","Amazonオファーが存在しない","","1,840","1,840","1,840","1,840","1,840","0 %","0 %","0 %","0 %","1,840","1,840","0 %","","","","","","","","","","","","-","-","-","","1,840","1,840","1,840","1,840","","","","","1,840","1,840","-","","","","","","","","","","","","","","","","","","","","","","","","","no","","","","","","","","","","","","","100 %","","","","","","","","","","","","","","","","","","","","","","","","","","","","","","","","","","","","","","","","","","","","","","","","","","","","","","","","","","","","","","","","","","","","","","","","","","","","","","","","","","","","","","","","no","no","","","","","","","","","","","","","","","","","","","","","","","","","","","","","","","","","","","1","1","1","1","1","1","0 %","0 %","0 %","0 %","","","","","","","","","","","","","","","","","","","","","","","","","","","","2026/02/09","2026/02/08","https://www.amazon.co.jp/dp/B0GMB65FPN","https://keepa.com/#!product/5-B0GMB65FPN","食品・飲料・お酒","お茶飲料, ドリンク, 定期おトク便　OLS Browse Test, あわせ買い, 食品, 食品・飲料・お酒のみ, ドリンク, 食品ストア, 飲料（ノンアルコール飲料を除く）, 飲料, 飲料, Grocery test","食品・飲料・お酒 › ドリンク › お茶飲料","Grocery","grocery_display_on_website","B0GMB65FPN","","","","1","","0","","TEA","ノーブランド","ノーブランド品","","","","","","","","","","","","","2","","","","","0","no","","","no","no","","400","20","10","2","","","","","","","","","no","no","no","no","no","","","no","-","","","no","no","yes","yes","no","no","no","no","no","no","no","no","no","no","no","no","yes","yes","no","no","no","no","yes","yes","no","no","no","no","no","no","no","no","no","no","no","no","no","no","no","no",""