sanky-itokusho48-oya-43s18,バリエーション1選択肢定義が長すぎます。最大で32byteまでです。
sanky-4970107110284-oya-13s32,バリエーション1選択肢定義が長すぎます。最大で32byteまでです。
sanky-4970107110284-oya-22s20,バリエーション1選択肢定義が長すぎます。最大で32byteまでです。
sanky-4970107110291-oya-66s6,バリエーション1選択肢定義が長すぎます。最大で32byteまでです。
sanky-4970107110284-oya-66s6,バリエーション1選択肢定義が長すぎます。最大で32byteまでです。
sanky-4970107110291-oya-88s8,バリエーション1選択肢定義が長すぎます。最大で32byteまでです。
sanky-4970107110291-oya-13s32,バリエーション1選択肢定義が長すぎます。最大で32byteまでです。
sanky-4970107110291-oya-22s20,バリエーション1選択肢定義が長すぎます。最大で32byteまでです。
sanky-shoga6kan-oya-44s4,バリエーション1選択肢定義が長すぎます。最大で32byteまでです。
sanky-shoga6kan-oya-88s8,バリエーション1選択肢定義が長すぎます。最大で32byteまでです。
sanky-shoga6kan-oya-13s32,バリエーション1選択肢定義が長すぎます。最大で32byteまでです。
sanky-shoga6kan-oya-22s20,バリエーション1選択肢定義が長すぎます。最大で32byteまでです。
sanky-itokusho48-oya-2,バリエーション1選択肢定義が長すぎます。最大で32byteまでです。
sanky-itokusho48-oya-43s14,バリエーション1選択肢定義が長すぎます。最大で32byteまでです。
sanky-itokusho48-oya-21s58,バリエーション1選択肢定義が長すぎます。最大で32byteまでです。
sanky-4970107110284-oya-88s8,バリエーション1選択肢定義が長すぎます。最大で32byteまでです。
sanky-itokusho48-oya-43s16,バリエーション1選択肢定義が長すぎます。最大で32byteまでです。
